Date,Close,High,Low,Open,Volume,Return,Log_Return,MA_7,MA_21,Volatility_21
2024-06-18,28.644750595092773,28.836245822358368,27.783012941112336,27.83886596937828,36180700.0,0.03131282139040481,0.03083257452325292,28.467836380004883,28.96372227441697,0.01609665793754859
2024-06-19,28.668685913085938,28.820286550624836,28.381440036686612,28.64474977130655,20776200.0,0.0008355917749642838,0.0008352428625091468,28.407288142613,28.973832766215008,0.016089635059422427
2024-06-20,29.123491287231445,29.43467330987396,28.88412073471887,28.900079177387937,39442900.0,0.015864186294562987,0.015739665314077295,28.39397975376674,28.987128893534344,0.016186655315803287
2024-06-21,29.27509117126465,29.490525576093454,29.02774292568322,29.163385119226373,43340200.0,0.005205415880192632,0.005191914536089031,28.493147168840682,29.02131312234061,0.016034569425753282
2024-06-24,29.570323944091797,29.570323944091797,29.107538153565248,29.394784086476587,24599400.0,0.010084777229214525,0.01003426518129126,28.675526482718332,29.076944669087727,0.016070360853569186
2024-06-25,29.546377182006836,29.618188646831587,29.33094278753259,29.562335623496946,18572600.0,-0.0008098241375453785,-0.0008101522222514889,28.94339370727539,29.116658846537273,0.015946844464295718
2024-06-26,29.59425163269043,29.618187772338125,29.2910473408536,29.362858803558076,25553200.0,0.0016203154244152085,0.001619004129660891,29.20328167506627,29.129467782520113,0.015293184972835624
2024-06-27,30.088956832885742,30.288432817792856,29.777774783432566,29.92937543620766,37731000.0,0.01671625984449121,0.01657808093640591,29.409596851893834,29.167681421552384,0.015684199884532155
2024-06-28,30.36024284362793,30.455990459555583,30.08895539536473,30.160766868250924,22019700.0,0.009016132139406219,0.008975729488860698,29.651247841971262,29.199603035336448,0.015531159977392022
2024-07-01,30.82302474975586,30.926750052595924,30.46396742979787,30.56769577639939,24963500.0,0.015243023862210547,0.015128016210955858,29.894038336617605,29.234351476033527,0.015600400559511297
2024-07-02,30.72727394104004,31.198037303906418,30.671420918645843,30.98260595682106,33346200.0,-0.003106470227798752,-0.003111305322418335,30.10149301801409,29.272298358735583,0.01555975387265325
2024-07-03,30.192684173583984,30.950693499282497,30.128850399572297,30.878882025400284,38509400.0,-0.017397891153046463,-0.017551013059221035,30.19040162222726,29.300673802693684,0.0158721343275605
2024-07-04,29.77777099609375,30.288428965505094,29.618189619712307,30.240556683223776,32698800.0,-0.013742175922644484,-0.013837473695238495,30.223457881382533,29.307444617861794,0.01619580774099586
2024-07-05,29.93735122680664,30.04107957404925,29.610210787436692,29.881498203774807,32758800.0,0.00535903881905142,0.005344730267809234,30.27247210911342,29.31516474769229,0.01620530376772773
2024-07-08,30.671422958374023,30.735256727504748,29.753835355332168,29.905435991375175,48845900.0,0.024520263199172998,0.02422446712413467,30.355681555611746,29.41103826250349,0.014419682722946895
2024-07-09,30.66344451904297,30.878878919017136,30.53578002762438,30.67940296094049,34832500.0,-0.00026012615527759575,-0.0002601599939542693,30.398996080671036,29.485844021751767,0.014177540148818389
2024-07-10,30.37619972229004,30.767173953145846,30.30438825310271,30.71132092641811,32899700.0,-0.009367662415569189,-0.009411814918630561,30.335163933890207,29.541060674758185,0.014404990093740428
2024-07-11,30.58365821838379,30.679405834976944,30.408118384828125,30.44801297142845,17229400.0,0.0068296395859392955,0.006806423243725851,30.31464740208217,29.636429196312314,0.013353163133739228
2024-07-12,30.440034866333008,30.72727771228811,30.432054122862088,30.663446983329802,15779100.0,-0.004696081515992434,-0.0047071427500186384,30.34998321533203,29.738637106759207,0.013134082088246134
2024-07-15,30.719297409057617,30.90281492443177,30.47992686916792,30.559716034543968,22969200.0,0.009174186033324094,0.009132358814467712,30.484486988612584,29.883779525756836,0.011775848995562074
2024-07-16,30.639507293701172,30.719296456603352,30.408114460018812,30.599609668488625,19637000.0,-0.002597393888732591,-0.00260077296870857,30.584794998168945,30.020182927449543,0.011889869765944574
2024-07-17,30.799091339111328,30.870902816563763,30.591637650783195,30.66344912823563,24606100.0,0.005208440327725716,0.005194923317115632,30.603033338274276,30.12277058192662,0.01027637482520345
2024-07-18,30.743234634399414,30.846962988056585,30.599611696646924,30.719298492694552,21315500.0,-0.0018135828780436736,-0.001815229410521337,30.614431926182338,30.22155861627488,0.010326289646166546
2024-07-19,30.870899200439453,30.934732970147444,30.631528651557822,30.719298563025475,30593100.0,0.004152606827428462,0.004144008550985477,30.685103280203684,30.30476851690383,0.009931849860518399
2024-07-22,30.256511688232422,30.791108835597853,30.22459784838019,30.791108835597853,25807800.0,-0.0199018340288023,-0.020102542975769622,30.63836806161063,30.35150282723563,0.011090291721866825
2024-07-23,29.865543365478516,30.32034834718535,29.865543365478516,30.256514573869804,25284700.0,-0.012921791076991984,-0.013006003657498348,30.556297847202845,30.365560894920712,0.011347771588735832
2024-07-24,30.104915618896484,30.320350050294756,29.921398075948773,30.049062585989006,23863800.0,0.00801499743328482,0.007983047944531016,30.46852902003697,30.39215796334403,0.01145973357351559
2024-07-25,30.065019607543945,30.120872637808468,29.737879125810938,29.96927199048503,19562600.0,-0.0013252324589642095,-0.0013261113560804937,30.386459350585938,30.4145754859561,0.011468406627346807
2024-07-26,30.033100128173828,30.42407435003882,29.857560308916696,30.057036269431944,32043200.0,-0.0010616816415481845,-0.0010622456247179066,30.277032034737722,30.411915642874582,0.010882277046604908
2024-07-29,29.426694869995117,30.096934226423002,29.059656785365306,29.929372104494803,39790000.0,-0.020191230861640097,-0.020397859890830043,30.08895492553711,30.367460977463494,0.011527584141345115
2024-07-30,29.243175506591797,29.338923110401087,29.03571881394998,29.13146641775927,16040700.0,-0.006236492552564754,-0.006256020706036388,29.856422969273158,30.29223006112235,0.010914678301292662
2024-07-31,29.849584579467773,29.849584579467773,29.490527218094503,29.562338690369156,28561100.0,0.020736772336481746,0.020524692364522264,29.798290525163925,30.25043532961891,0.01201254441566415
2024-08-01,29.3947811126709,30.18470734826197,29.35488652463865,30.120873572400807,29756300.0,-0.01523650909063956,-0.015353777393168313,29.731038774762833,30.212439945765905,0.01187341422283483
2024-08-02,28.509103775024414,29.36286063843911,28.509103775024414,29.29902991413602,36483900.0,-0.030130428059717884,-0.03059367844275751,29.50306565420968,30.15202722095308,0.013243765463137125
2024-08-05,28.485170364379883,28.485170364379883,27.607474231926947,27.767055623624017,44765900.0,-0.0008395006322681198,-0.0008398532102640202,29.277372905186244,30.082875751313708,0.013138911018008058
2024-08-06,28.979869842529297,29.251157294380278,28.197924373961627,28.40537805184208,36009000.0,0.017366913092716763,0.017217831836540135,29.126911435808456,30.00232560294015,0.012503460597952447
2024-08-07,28.939973831176758,29.322967324862326,28.7245394202733,29.283072739975402,25020500.0,-0.001376680142779363,-0.0013776286375029674,29.057379858834402,29.920255570184615,0.012494926443573962
2024-08-08,29.402755737304688,29.482547948785037,28.85220317501767,29.003803811187872,29870300.0,0.015991096219630352,0.01586458555453395,29.08017703465053,29.873901094709122,0.013027658219416706
2024-08-09,29.131467819213867,29.482547456340058,28.389420049291676,28.828266551937823,66082100.0,-0.009226615372878944,-0.00926944423568829,28.97758892604283,29.80474917093913,0.012984257932131938
2024-08-12,29.793731689453125,30.168747495723114,29.362862853793366,29.362862853793366,39655100.0,0.022733625176361905,0.022479067116322516,29.034581865583146,29.77397282918294,0.014045871696229076
2024-08-13,29.61021614074707,30.025126560968804,29.498510074487765,29.945334339524997,28557200.0,-0.006159535523071691,-0.006178583720984471,29.191883632114955,29.72115943545387,0.013888931668131679
2024-08-14,30.128849029541016,30.320347299106324,29.650107921270347,29.674044063555357,37955500.0,0.017515336136984416,0.01736371059152662,29.426694869995117,29.696842375255766,0.014497792259763685
2024-08-15,30.591636657714844,30.76717649551397,30.32034920100798,30.36024378857271,33409000.0,0.015360282356623456,0.015243507497889287,29.65694727216448,29.68696358090355,0.014866696260127944
2024-08-16,30.719297409057617,30.93473180808681,30.344281635514772,30.45598768454586,35472700.0,0.0041730605253700315,0.00416437745656167,29.911136354718888,29.685823713030135,0.014893902062188614
2024-08-19,30.671422958374023,30.950691132678482,30.639509117570302,30.79908745287383,28138200.0,-0.0015584487511578482,-0.0015596643955900374,30.092374529157365,29.67632484436035,0.014865822994822506
2024-08-20,30.551738739013672,30.862920749356274,30.232575985771128,30.719297814773288,27322600.0,-0.003902141075188492,-0.003909774291402135,30.295270374843053,29.690383275349934,0.014192496662783384
2024-08-21,30.368223190307617,30.950692665545535,30.272472531869376,30.862922750524707,38491900.0,-0.006006713734813096,-0.0060248266087484835,30.37734058925084,29.714320409865607,0.013940776145202992
2024-08-22,30.46111488342285,30.60882528570686,30.247757152560496,30.59241267096573,26334300.0,0.0030588451794861804,0.0030541764308001903,30.498897552490234,29.731282279604958,0.013854930668545484
2024-08-23,30.272375106811523,30.797566267346063,30.272375106811523,30.666268477212427,29239000.0,-0.006196088926280319,-0.006215364348004455,30.51940127781459,29.74115635099865,0.013929093750120386
2024-08-26,32.47161865234375,32.50444388572171,30.945279734520543,31.06837279449463,77393862.5,0.07264852981546799,0.07013085156970353,30.78797013419015,29.857276280721027,0.02062721917987839
2024-08-27,32.03668975830078,32.30749006114331,31.96283456109173,32.209017508326575,35073100.0,-0.013394124225820647,-0.013484634621296456,30.97616904122489,29.98156175159273,0.020275269673434317
2024-08-28,32.49623107910156,32.70959193328258,31.823329548935735,31.954627332129405,43284500.0,0.014344219838808847,0.01424231485966087,31.236855915614537,30.13646915980748,0.020247875573968642
2024-08-29,32.2746696472168,32.68497562413812,32.233636545215724,32.53726522201555,25356600.0,-0.00681806549644004,-0.00684141469643435,31.482988902500697,30.25194940112886,0.02008023376160012
2024-08-30,32.3074951171875,32.53726861690023,31.905396970866605,32.184405189499806,77393862.5,0.001017066025136959,0.0010165491639121892,31.760027749197825,30.390650068010604,0.01961513054400016
2024-09-02,32.00386428833008,32.33211030241606,31.913596477937133,32.27466771950892,15288400.0,-0.009398154445464657,-0.009442595762366626,31.980420521327428,30.55706723531087,0.018216241970495466
2024-09-03,31.61817741394043,31.856155630598867,31.495087499741565,31.831538273836323,35866300.0,-0.0120512595265031,-0.012124464692037798,32.172677993774414,30.70625804719471,0.018575705452272398
2024-09-04,31.626388549804688,31.938218868926796,31.60997593347408,31.79051158272429,28851300.0,0.0002596966851302618,0.00025966296978317756,32.05193083626883,30.832282747541154,0.018384212913158268
2024-09-05,31.42943572998047,31.91359688522395,31.429435729980465,31.7166517785677,26206600.0,-0.006227483720250282,-0.006246955378709501,31.965180260794504,30.950828552246094,0.018487982739208708
2024-09-06,30.813980102539062,31.55253215777629,30.748332770065957,31.486881694916818,32971700.0,-0.019582140536310133,-0.01977641098686649,31.724858692714147,31.01802971249535,0.01896727428294264
2024-09-09,31.150426864624023,31.388405066090936,30.86321395277496,31.051954313473765,30521800.0,0.010918640206989627,0.010859462227371648,31.564252580915177,31.114170619419642,0.018865299249991065
2024-09-10,30.633447647094727,31.117605724839976,30.362644182878192,31.117605724839976,37263500.0,-0.01659621615382756,-0.01673547629340434,31.325102942330496,31.154157093593053,0.018801316571000776
2024-09-11,30.60062026977539,31.04375147266315,30.255961624067304,30.98630575639001,32907000.0,-0.0010716187644798092,-0.0010721933584017665,31.1246395111084,31.201319194975355,0.01873233306981964
2024-09-12,30.255962371826172,30.625238383359086,30.157489812212805,30.600621026052302,22103300.0,-0.011263101692407296,-0.011327010751562198,30.930037362234934,31.207372211274645,0.018568132212983368
2024-09-13,30.116458892822266,30.81397779126,30.02619107835444,30.45290966377482,34729600.0,-0.004610776457529275,-0.004621438874605138,30.714333125523158,31.184744698660715,0.01826701635244396
2024-09-16,30.534971237182617,30.95348510291387,30.4939412639741,30.559591725416766,22614800.0,0.013896465910874234,0.013800795331575024,30.586552483694895,31.175967261904763,0.01851586211086633
2024-09-17,30.395465850830078,30.518555758908697,30.116457676644803,30.502143145087683,23443700.0,-0.004568708621629947,-0.004579177067887456,30.526764733450754,31.16282644725981,0.018537953512200615
2024-09-18,29.665122985839844,30.3051992995319,29.665122985839844,30.288786685028754,38777000.0,-0.024028020119003624,-0.02432140211948315,30.314578465053014,31.12060664948963,0.01925090845616729
2024-09-19,29.76359748840332,30.18210822924414,29.697947026098536,30.00978046127359,25059700.0,0.003319537984402876,0.003314040480942755,30.190314156668528,31.091814949398948,0.019246653850710935
2024-09-20,29.755386352539062,29.870274648974146,29.599471217241874,29.76359422462028,48336200.0,-0.0002758784742824538,-0.0002759165357491272,30.069566454206193,31.058208828880673,0.019225654233932674
2024-09-23,30.059017181396484,30.32981750228834,29.722566400660412,29.862068932250047,28218500.0,0.010204230765483269,0.010152519090445093,30.041431427001953,31.048048927670433,0.019340038216846805
2024-09-24,30.182106018066406,30.61703247300652,30.13287130533115,30.55138201551137,35104100.0,0.004094905562850526,0.004086544255137665,30.050809587751115,30.93902451651437,0.010786356782657009
2024-09-25,30.403671264648438,30.715504673369107,30.329816066014224,30.44470123491498,38655300.0,0.00734094719730316,0.007314133589316549,30.032052448817662,30.861261731102353,0.01077683786346283
2024-09-26,29.74717903137207,30.296987458470213,29.517408719198006,30.296987458470213,58048200.0,-0.021592531624287647,-0.021829061384308863,29.939440046037948,30.730354490734282,0.010850752718896744
2024-09-27,29.632299423217773,29.853865035890884,29.484589014769032,29.853865035890884,34537400.0,-0.0038618656254141293,-0.0038693418828769297,29.934750965663365,30.60452733721052,0.010834071376823925
2024-09-30,29.550233840942383,29.771799434832094,29.476378642979146,29.673326881009793,21146300.0,-0.002769463857775767,-0.0027733059180765104,29.90427044459752,30.473229181198846,0.01077656113060292
2024-10-01,30.338027954101562,30.789363947548416,29.402530734495162,29.550238020929317,49748200.0,0.026659488293716116,0.02631031637122473,29.987504959106445,30.393903641473678,0.01258697908580185
2024-10-02,30.756532669067383,31.125808638530927,30.64985224891439,30.97809825074551,32014500.0,0.013794723757225569,0.01370044262081466,30.087150028773717,30.35287293933687,0.012862842900097336
2024-10-03,31.134016036987305,31.21607910964157,30.53496969334882,30.723710064874414,31033000.0,0.012273274493635133,0.012198568497252227,30.223137174333846,30.329426629202707,0.013195493206663115
2024-10-04,31.05195426940918,31.34737505282669,30.912448619290487,31.306345084104468,22526800.0,-0.0026357591478284315,-0.00263923887680101,30.31574903215681,30.311451321556454,0.013143693194522549
2024-10-07,31.486879348754883,31.49508722119391,31.101193864546104,31.21607903560345,36418000.0,0.014006367379400864,0.013909184616140408,30.56427764892578,30.343494142804825,0.01273228717209403
2024-10-08,30.85500717163086,30.97810021270996,30.731917260937823,30.748329875107444,34142000.0,-0.02006779300435846,-0.020271886245385954,30.738950184413365,30.32942653837658,0.01332880817080659
2024-10-09,30.54317855834961,30.78936152354017,30.3708476653686,30.666268475751767,30789800.0,-0.010106256386417378,-0.010157671296993938,30.880799429757253,30.3251280103411,0.013000295691369665
2024-10-10,30.896041870117188,30.96989707250705,30.625238417892284,30.690888877966042,20630100.0,0.011552933532882559,0.011486707974530644,30.96051570347377,30.339195705595472,0.013241917589612314
2024-10-11,30.871417999267578,30.89603848429025,30.625235061742078,30.855005386047758,16343000.0,-0.0007969911146911146,-0.0007973088809587091,30.97692789350237,30.368503116426012,0.012969941083266285
2024-10-14,30.945276260375977,31.101194536223492,30.64985545391353,30.748331142991812,22279000.0,0.0023924479630366147,0.0023895906158708517,30.94996506827218,30.407970610119047,0.012909208016955769
2024-10-15,30.690887451171875,30.699092193106548,30.41187926960173,30.53496918093833,28204600.0,-0.008220602300126667,-0.008254577778597475,30.89838409423828,30.415395191737584,0.012736740482720721
2024-10-16,30.534971237182617,30.8385999257755,30.51855862182195,30.813979437541352,23041200.0,-0.005080211976187243,-0.005093160124556652,30.76239722115653,30.42203830537342,0.01274695907674146
2024-10-17,30.30519676208496,30.534967085118133,30.10824853492376,30.534967085118133,22174300.0,-0.007524961242401873,-0.007553416603454638,30.683852876935685,30.452518009004137,0.011607155698907773
2024-10-18,30.2231388092041,30.420083918897333,29.87848017166183,30.346228720165854,32000800.0,-0.0027077188617208314,-0.0027113913633371985,30.638132912772043,30.47440092904227,0.01162198623591835
2024-10-21,29.74717903137207,30.403667873573482,29.706149065681807,30.362637907883215,28390000.0,-0.015748191504420528,-0.01587351172479462,30.474009650094168,30.474010104224796,0.012174725319631841
2024-10-22,29.632299423217773,29.78821457418642,29.533826861047384,29.706154627442142,29144300.0,-0.0038618656254141293,-0.0038693418828769297,30.296992710658483,30.45369021097819,0.011972146835936434
2024-10-23,29.263017654418945,29.49278796448177,29.189162464700797,29.468170611370955,30769100.0,-0.012462136789475275,-0.012540440450244056,30.05667005266462,30.40992409842355,0.012188936440862774
2024-10-24,29.45996856689453,29.566645860395905,29.180960394687123,29.41893546743987,23058900.0,0.006730369191635388,0.006707821370474899,29.880824497767858,30.364985874720983,0.012167782308220357
2024-10-25,29.665122985839844,29.944131171621073,29.418936898678776,29.509204713253016,32585900.0,0.006963836993901351,0.006939701466861839,29.756560461861746,30.361078443981352,0.011357222013718755
2024-10-28,29.61588478088379,29.64871000948947,29.000425831264746,29.123518873342995,27507100.0,-0.0016598011401994794,-0.0016611801362293504,29.65808732169015,30.3602967943464,0.011331077325293764
2024-10-29,29.550233840942383,29.88668460268912,29.377906089156845,29.812832535111927,26090200.0,-0.002216747547038711,-0.0022192081689399457,29.561958040509904,30.3602967943464,0.011325004517489355
2024-10-30,29.41893768310547,29.84565628040691,29.41893768310547,29.640503289226576,26144700.0,-0.004443151229991282,-0.0044530513624919926,29.515066419328964,30.316530590965634,0.009611569910060168
2024-10-31,29.468175888061523,29.58306106366474,29.23840553685509,29.435350657778816,25597000.0,0.0016736907867456186,0.0016722917271653525,29.491620200020925,30.25518026806059,0.009001694254403217
2024-11-01,29.06607437133789,29.845656366139785,28.967601811796605,29.706153834321817,30605300.0,-0.013645280191453502,-0.013739232678198184,29.46348544529506,30.156706855410622,0.008725904878721703
2024-11-04,29.131723403930664,29.500999397099957,29.03325084921421,29.459969426833606,24003600.0,0.0022586136591431494,0.002256066825467144,29.416593279157365,30.065267290387833,0.008808672960096629
2024-11-05,29.041452407836914,29.213780142298134,28.746031645682983,29.131720210760143,23990600.0,-0.0030987180141072157,-0.00310352898189838,29.327497482299805,29.94881838843936,0.007908257600327977
2024-11-06,29.04966163635254,29.098896345421167,28.754240860397257,28.76244560178007,28440800.0,0.0002826727947466967,0.000282632850319543,29.24660846165248,29.862849553426106,0.006993161580311279
2024-11-07,29.139928817749023,29.451762233658584,28.942983703774882,29.123519333572965,34081200.0,0.003107340199912212,0.0031025223961433416,29.187993458339147,29.79602813720703,0.006900369946035544
2024-11-08,29.689739227294922,29.804624394115883,29.16454810446423,29.418935793743213,49865100.0,0.01886793934825981,0.0186921475576667,29.226679393223353,29.738585154215496,0.00774453554106468
2024-11-11,29.74717903137207,29.886681540796115,29.459966141154492,29.53382133155126,21446300.0,0.0019346685276488973,0.001932799466780198,29.266536985124862,29.68504996526809,0.007786709894561079
2024-11-12,30.30519676208496,30.452907149859392,29.821035631132297,29.837448244261218,39412300.0,0.018758677255560574,0.01858490308813178,29.4435544695173,29.654569989158993,0.008936088561108365
2024-11-13,30.264169692993164,30.420084837071826,29.976953631307833,30.321612279252996,34090000.0,-0.0013537964928551638,-0.0013547137032314492,29.60533251081194,29.63425009591239,0.008781339563638588
2024-11-14,30.584211349487305,30.63344919921772,30.24776053562912,30.296995254973005,30262100.0,0.010574935963574061,0.010519412423821293,29.825726645333425,29.636594863164994,0.009044798705088116
2024-11-15,30.775002002716064,30.832445373661365,30.317510925461658,30.354436964969572,30262100.0,0.006238207389053896,0.006218830317048398,30.072203840528214,29.658966541290283,0.008962817251290214
2024-11-18,31.347373962402344,31.42943389699231,30.526762094959274,30.526762094959274,39004100.0,0.018598600241708008,0.018427761269217607,30.387553146907262,29.712501548585436,0.009712421032411996
2024-11-19,31.019132614135742,31.429438609376653,30.89604269379526,31.265315585203027,26002700.0,-0.010471095558444277,-0.010526303207431916,30.57746648788452,29.77307076681228,0.00928842319927469
2024-11-20,31.064266204833984,31.3596870204168,30.85501083897738,31.211976613046396,26002700.0,0.001455024267108973,0.0014539667449893143,30.76562179837908,29.841259661174956,0.009192555797577287
2024-11-21,31.109399795532227,31.289935431456946,30.8139789841595,31.158637640889765,36048400.0,0.0014529102474412081,0.0014518557945743336,30.880507946014404,29.92918262027559,0.0085518833482581
2024-11-22,32.34851837158203,32.684972243023594,31.568939600384397,31.765884695917283,77393862.5,0.03983100233993464,0.039058202199028606,31.178272042955673,30.06673261097499,0.011629477790504817
2024-11-25,32.151573181152344,32.70958950082493,32.12695582687986,32.3156961805359,41119500.0,-0.006088229085716157,-0.006106837920761952,31.402180876050675,30.18513500122797,0.011836690094502892
2024-11-26,32.11054992675781,32.422380247351676,32.05310733452281,32.299290319870885,35188200.0,-0.0012759330364144894,-0.001276747732042976,31.592973436628068,30.30392857960292,0.01182806250189621
2024-11-27,31.99566078186035,32.29928632186061,31.798712539728275,32.1679885372346,30600700.0,-0.0035779251728642603,-0.0035843412558840275,31.685585839407786,30.420377481551398,0.011866780820936857
2024-11-28,31.66741943359375,32.2500532432999,31.495091652760085,31.847955088021347,33113500.0,-0.010258933250495539,-0.010311918801212022,31.7781982421875,30.52744804109846,0.012135991867038799
2024-11-29,31.92180633544922,32.18440191089633,31.519705099703607,31.593560300947242,44011700.0,0.008033079625856976,0.00800098619985181,31.900703975132533,30.644287586212158,0.012166689781879018
2024-12-02,32.12696075439453,32.33211375249313,31.815127320776497,31.921807756295937,31711800.0,0.006426779762694235,0.00640621607215013,32.04606982639858,30.790044080643426,0.01148926980100143
2024-12-03,32.4141731262207,32.4141731262207,32.06951759809693,32.332113180587314,22536200.0,0.008939917286974852,0.008900192806593243,32.05544907706125,30.946351210276287,0.011508110384829209
2024-12-04,32.209022521972656,32.709596366488086,31.987456895856656,32.41417553166675,31584400.0,-0.006329040184032797,-0.006349153468962022,32.06365612574986,31.097187882377987,0.01164455470439464
2024-12-05,32.529056549072266,32.668562205593744,32.176193167171355,32.323903565659464,25214200.0,0.009936160803429628,0.009887121730196359,32.123442786080496,31.26287335441226,0.011641525636768396
2024-12-06,32.02848434448242,32.5782959948802,31.971041756731555,32.52905814949963,31118500.0,-0.0153884636597037,-0.015508094947989656,32.12813186645508,31.400423617590043,0.012500790505612452
2024-12-09,32.857303619384766,32.96398092027324,32.29928723632893,32.31569985117012,28548700.0,0.02587756779209327,0.025548409990894173,32.29811532156808,31.551260017213366,0.012970668160376734
2024-12-10,32.98039245605469,33.17734069731903,32.91474512922397,33.070660269534756,21837600.0,0.003746163656512147,0.003739164260583672,32.449341910226,31.705222561245872,0.012956495103543197
2024-12-11,33.30863952636719,33.44814205675042,32.783448373700104,33.111691278923935,46900900.0,0.009952794550576627,0.009903591692174502,32.61815316336496,31.848243645259313,0.012632926124066746
2024-12-12,32.71286392211914,33.18214013828047,32.525152133727936,33.03709248711758,38310600.0,-0.01788651871465452,-0.018048415914002084,32.66082327706473,31.96484813236055,0.013514243523492104
2024-12-13,32.508087158203125,33.04562339054607,32.35450537753371,32.93470249232556,23235400.0,-0.006259823792974406,-0.0062794986402939235,32.703546796526226,32.05646126610892,0.013587695787404161
2024-12-16,32.37157440185547,32.644607989217825,32.27772175073855,32.584882095408375,21349400.0,-0.004199347555680744,-0.004208189578126284,32.68104934692383,32.132488523210796,0.013650912505367502
2024-12-17,32.67873001098633,32.84084590153013,32.277713858435924,32.371566486604706,39617200.0,0.009488435913492577,0.00944370344362017,32.77394158499582,32.19588643028622,0.013258924644235254
2024-12-18,31.834041595458984,32.764063276492195,31.834041595458984,32.66167323935335,58126400.0,-0.02584826323554701,-0.026188200240674767,32.62776129586356,32.23469161987305,0.014389860269697564
2024-12-19,31.70604705810547,32.36303497115353,31.55246529896092,32.132662332436716,43268400.0,-0.004020681350487831,-0.004028786021242438,32.44571195329939,32.26525261288597,0.014435352528380383
2024-12-20,31.441551208496094,31.868166574987583,31.32209942664919,31.70605390745492,59277400.0,-0.008342126318195753,-0.008377116585319097,32.17898505074637,32.28106934683664,0.014577719705122397
2024-12-23,31.450082778930664,31.61219543326965,31.330631006805447,31.569534551055884,43785600.0,0.00027134699487296743,0.00027131018693548573,31.99858774457659,32.238286699567524,0.011602415110970198
2024-12-24,31.52889060974121,31.704879996896434,31.39905789489883,31.567186092888416,43785600.0,0.0025058067848184873,0.002502672485870212,31.858702523367747,32.20863514854794,0.011577685935246614
2024-12-25,31.607698440551758,31.797564560523217,31.467484782992212,31.56483763472095,43785600.0,0.002499543411977889,0.0024964247490848676,31.749577386038645,32.18468983968099,0.011601310652031759
2024-12-26,31.686506271362305,31.89024912415,31.535911671085596,31.56248917655348,22920700.0,0.0024933112722134165,0.002490208128661575,31.607831137520925,32.16996819632394,0.011602879190096765
2024-12-27,31.589065551757812,31.890251394541433,31.544774211774588,31.890251394541433,24167200.0,-0.0030751487327133065,-0.003079886718411191,31.57283455984933,32.16623705909366,0.01140149778147713
2024-12-30,32.058555603027344,32.21800710927252,31.686504341263387,31.695361256404926,22355600.0,0.014862422900743466,0.014753059366686415,31.623192923409597,32.17274892897833,0.011732310307445086
2024-12-31,32.229820251464844,32.43061080132148,31.810523071384,31.884341972045068,22355600.0,0.005342244689942488,0.005328025519821989,31.735802786690847,32.17764700026739,0.011706139303430667
2025-01-01,32.401084899902344,32.64321449337043,31.93454180150461,32.07332268768521,22355600.0,0.005313856766846703,0.005299788047409772,31.871660232543945,32.17702375139509,0.011597471854036347
2025-01-02,32.572349548339844,32.85581818541939,32.058560531625226,32.262303403325355,30046800.0,0.005285768947755676,0.005271848303729703,32.020725795200896,32.19432503836496,0.0115575166895213
2025-01-03,32.226871490478516,32.81152596111642,32.1737198552523,32.66979164639246,23314200.0,-0.010606482573466525,-0.010663132234924233,32.109179088047576,32.17993527367001,0.011595936203918576
2025-01-06,32.07627487182617,32.501477789374036,31.943400860899445,32.42175203113304,23760200.0,-0.0046730139069453,-0.004683966571054345,32.16486031668527,32.18221101306734,0.011123837812785465
2025-01-07,32.75836944580078,32.99754669986904,32.15599785315747,32.37745789812304,37753300.0,0.02126476895151308,0.02104182872913553,32.331903730119976,32.17749986194429,0.010640736555793315
2025-01-08,32.492618560791016,32.88238702932916,32.27115851246459,32.76723023723217,24483500.0,-0.008112457656033634,-0.008145542696127649,32.39391272408621,32.1542725335984,0.010739494266337463
2025-01-09,32.63435363769531,32.74951381176096,32.51033654833795,32.51033654833795,11526600.0,0.004362070007965624,0.004352583757044273,32.451703207833425,32.12216368175688,0.01053150984100705
2025-01-10,32.72293472290039,33.23672364445824,32.687503684237015,32.99754639261704,40328800.0,0.0027143508398694838,0.002710673642261847,32.497681753976,32.122643243698846,0.009797369075842789
2025-01-13,32.83810043334961,33.2455861700509,32.749517752923296,33.041843301700254,22897100.0,0.0035194187631533147,0.0035132401015593776,32.53564616612026,32.13835816156296,0.009715518351057113
2025-01-14,32.61663818359375,32.891249881389925,32.40403841302649,32.87353267064058,29173100.0,-0.006744063963302405,-0.006766907928043207,32.59132712227957,32.150027865455264,0.009793001921165884
2025-01-15,33.032981872558594,33.05955599721355,32.59891868765862,32.714078859850396,32512700.0,0.012764764002387796,0.012683981125617772,32.72799955095564,32.16689700172061,0.009967271973049571
2025-01-16,32.820377349853516,32.98868914345023,32.572343185663044,32.96211164070693,26733200.0,-0.006436128700863519,-0.006456929877927529,32.73685782296317,32.213865370977494,0.008074650883741792
2025-01-17,32.9532585144043,33.13042724314228,32.64321239430972,32.78494670145762,39941100.0,0.0040487396940722675,0.0040405656032663885,32.80266353062221,32.27325639270601,0.007992322189638234
2025-01-20,33.032981872558594,33.15699895989796,32.8735303662045,32.97097332888891,13912800.0,0.002419286035687529,0.0024163642746612333,32.859610421316965,32.349038805280415,0.007641983693567848
2025-01-21,33.041839599609375,33.086130934860016,32.528054028119804,32.864670879394524,23612200.0,0.00026814797056329276,0.00026811202532185294,32.90516826084682,32.42483674912226,0.007642027247893258
2025-01-22,32.855812072753906,33.33416657603485,32.80266044598533,33.094989324394376,21832200.0,-0.005630059618643823,-0.005645968143024664,32.907698495047434,32.488023485456196,0.007838302567183817
2025-01-23,32.62549591064453,33.13928146508606,32.510335739444194,32.882386998259214,26725700.0,-0.007009906241226882,-0.007034591060468898,32.90896388462612,32.53649003165109,0.008078141375627608
2025-01-24,32.457183837890625,32.687504178350586,32.244584085848345,32.66978696914504,16216500.0,-0.0051589123186014385,-0.005172265451650131,32.82670702253069,32.573188963390535,0.00820369184041442
2025-01-27,32.93553924560547,33.041839124521054,32.30659350813764,32.39517617736525,29809700.0,0.014738044129275707,0.01463049458248978,32.84315872192383,32.63730675833566,0.008646120033550158
2025-01-28,32.89125061035156,33.21015365248266,32.669790539895246,33.130427891949886,27621700.0,-0.001344706547041441,-0.001345611476224039,32.83430044991629,32.676958901541575,0.008157580615756112
2025-01-29,32.687503814697266,33.06841536034847,32.56348335163819,32.95325519139966,18204400.0,-0.00619455909621669,-0.006213824981063857,32.78494644165039,32.698753356933594,0.008255269841992147
2025-01-30,33.12156677246094,33.22786665745493,32.59892088402286,32.81152403322327,30916000.0,0.01327917115434496,0.013191775802805684,32.79633603777204,32.73306201753162,0.008646850730332285
2025-01-31,33.3873176574707,33.98968929512824,32.997549165720926,33.12156625949529,37044800.0,0.008023499819179047,0.00799148269010345,32.8722654070173,32.77187002272833,0.008733222069021118
2025-02-03,33.2190055847168,33.4936172474001,33.11270571302506,33.44932253658422,24877600.0,-0.005041197812914011,-0.00505394751784772,32.957052503313335,32.81911450340634,0.008433633770811128
2025-02-04,32.89125061035156,33.08613317448862,32.616638906469234,33.04184183623986,34290300.0,-0.009866489637366693,-0.0099154859939976,33.01906204223633,32.857922871907554,0.008696852939465462
2025-02-05,32.65207290649414,32.838098552260746,32.5546299360795,32.82038134134786,20539800.0,-0.00727177287026437,-0.007298341087651363,32.97856685093471,32.85286113194057,0.007591725325152813
2025-02-06,32.59006118774414,32.882386691339974,32.51033543599762,32.63435252111174,17512400.0,-0.0018991663692403682,-0.0019009720722719015,32.935539790562224,32.857501257033576,0.007382498684989618
2025-02-07,32.40403747558594,32.802662878670525,32.21800845770583,32.65207166047632,21438700.0,-0.0057079890426274815,-0.005724341869611112,32.8950445992606,32.84653382074265,0.0074225573970072255
2025-02-10,32.62549591064453,32.80266124576855,32.52805294879903,32.607778701289696,17483300.0,0.006834285240703286,0.006811037374918968,32.82417733328683,32.8418938773019,0.007559414059872732
2025-02-11,32.62549591064453,32.855812873833045,32.49261853008936,32.78494403641371,16624300.0,0.0,0.0,32.715345655168804,32.83176985241118,0.007513209708668687
2025-02-12,32.138282775878906,32.55462876937946,31.987691557334994,32.46604609720214,37364500.0,-0.014933508937305273,-0.015046136471365833,32.56095668247768,32.80899102347238,0.008065903284296926
2025-02-13,32.17372131347656,32.18258160935549,31.907969883725944,32.06742141741887,15351300.0,0.0011026892085301832,0.0011020816933441575,32.45845249720982,32.76807385399228,0.007479380108799078
2025-02-14,33.16585922241211,33.28987970148082,32.24458788953228,32.280018932910814,40322000.0,0.030836902553761147,0.030370999071609173,32.53185054234096,32.78452537173317,0.010068232234469803
2025-02-17,33.369606018066406,33.591066116553854,33.192440642646794,33.34303188759605,22615200.0,0.006143269025173037,0.006124476075505229,32.643214089529856,32.804351443336124,0.010115048218553855
2025-02-18,33.9808349609375,34.051700428815266,33.40503740557228,33.41389770106489,44062600.0,0.01831693615262253,0.01815120184802597,32.86847087315151,32.8494873046875,0.01081505126757326
2025-02-19,34.051700592041016,34.24658654326114,33.546771881345826,33.75937504442347,32648200.0,0.002085458794199191,0.0020832872436034595,33.07221439906529,32.897575923374724,0.01081324962955278
2025-02-20,34.1048469543457,34.166855496653,33.93653853654192,34.033978117873296,26641200.0,0.0015607550101950363,0.0015595382979227733,33.28355026245117,32.95705377487909,0.010691002640185654
2025-02-21,34.00740432739258,34.1314214132237,33.81251840439388,34.1314214132237,30115200.0,-0.002857148929111597,-0.00286123837039915,33.550567626953125,33.02285893758138,0.010556971473991816
2025-02-24,33.768226623535156,34.113703752121154,33.48475803704346,34.10484683719858,27830300.0,-0.007033106718608573,-0.007057955592061623,33.778354099818635,33.0852895464216,0.010628584445130323
2025-02-25,33.617637634277344,34.051697457587295,33.51133775212973,33.76822885238544,31960900.0,-0.0044594876401610195,-0.0044694608163831214,33.84289387294224,33.11777042207264,0.010295436986179194
2025-02-26,33.617637634277344,33.88338902925255,33.4404689112231,33.88338902925255,27420200.0,0.0,0.0,33.87832696097238,33.15236028035482,0.010284446022811408
2025-02-27,32.43061065673828,32.545770830317004,31.429610272395713,32.20915060404732,77393862.5,-0.035309648775818214,-0.035948108696446296,33.65686634608677,33.14012727283296,0.013016929968742364
2025-02-28,31.8282413482666,32.37746137253844,31.72194146145551,32.324313118739134,55476800.0,-0.018574097011229806,-0.018748761759046932,33.33922931126186,33.078540347871325,0.013216883555487967
2025-03-03,31.13197021484375,31.612096158235637,31.052245130668506,31.543001400632377,55476800.0,-0.021875890841853596,-0.02211871601886811,32.91453263419015,32.97114285060337,0.013714411350374467
2025-03-04,30.89987983703613,31.356974420134705,30.82901302040617,31.28256416126346,55476800.0,-0.007455049462207097,-0.007482977231961459,32.470600564139225,32.860708291190015,0.013739893246712263
2025-03-05,30.667789459228516,31.10185268203377,30.605780910143835,31.02212692189454,48552000.0,-0.007511044671747791,-0.007539394615453068,32.02768096923828,32.75482918875558,0.013693660919774354
2025-03-06,30.34888458251953,31.11070771571132,30.145141736537678,30.836099409011222,47749600.0,-0.010398691341381272,-0.010453135493032882,31.56071624755859,32.645153554280604,0.01375649885061627
2025-03-07,30.676647186279297,30.942398571425304,30.322309753276485,30.375461381990565,28074700.0,0.010799823725599289,0.010741922140908754,31.140574754987444,32.554038601829895,0.014101535315502274
2025-03-10,30.667789459228516,30.667789459228516,30.118569433387417,30.6323584163319,35037200.0,-0.0002887449530254438,-0.00028878664787570417,30.88874315534319,32.471360124860496,0.01409662450615046
2025-03-11,30.207151412963867,30.91582632195605,30.038842980645047,30.782948931716913,28805400.0,-0.015020255922815862,-0.015134202410143655,30.65715887887137,32.35620086306618,0.01417554134873434
2025-03-12,30.207151412963867,30.47290619344214,30.083134317653954,30.260303044902003,20149100.0,0.0,0.0,30.525041907174245,32.24104160127186,0.01417554134873434
2025-03-13,30.508337020874023,30.596923073480983,30.154002948083328,30.27802004252069,19263600.0,0.009970672301821137,0.009921293106647236,30.469107219151088,32.16342513674782,0.01422042879789635
2025-03-14,31.447324752807617,31.67764170076366,30.446324455341724,30.65006728062913,41529400.0,0.030778069984317202,0.03031392481648045,30.580469403948104,32.12883482433501,0.015915869524401487
2025-03-17,32.031982421875,32.253442478270486,31.535910679032682,31.54477097364738,31175900.0,0.018591650439682805,0.01842093834040877,30.820911952427455,32.0748406909761,0.01491717377355171
2025-03-18,32.058555603027344,32.253441528263046,31.81052142851804,32.058555603027344,15086400.0,0.0008295827839301939,0.0008292388703225593,31.018327440534318,32.012409718831385,0.014823531519837138
2025-03-19,32.031982421875,32.182577017414324,31.916822246369907,32.12942538736298,21180500.0,-0.0008288951467867456,-0.0008292388703225685,31.213212149483816,31.919607216971265,0.01410027405723721
2025-03-20,32.10285186767578,32.315451633468,31.677645577666627,32.03198302627014,46921900.0,0.0022124589376766313,0.0022100150543982993,31.484026500156947,31.826804896763395,0.014102501057827102
2025-03-21,32.59891891479492,32.802661756730934,32.0496989330886,32.085133352350226,61175700.0,0.015452429247216681,0.015334256280512073,31.825707571847097,31.755094037737166,0.014626343129373129
2025-03-24,32.55462646484375,32.72293488175108,32.333166420865226,32.510335131890464,20348000.0,-0.00135870916661196,-0.0013596330488646908,32.11803463527134,31.685914139520555,0.01462636523529561
2025-03-25,32.811527252197266,33.236730213100195,32.44833284522522,32.64321542363109,28036100.0,0.007891375673775514,0.007860401614013461,32.31292070661272,31.640357026599705,0.014734338509294542
2025-03-26,33.12156677246094,33.33416992166135,32.90896700247294,32.90896700247294,26870300.0,0.009449103599495245,0.009404740064880087,32.468575613839285,31.616734604608446,0.014898485760280909
2025-03-27,33.369606018066406,33.63536083962169,33.1215717891086,33.1570062158777,28444400.0,0.007488753394712555,0.0074608518927355505,32.65586853027344,31.60492357526507,0.015004790057119575
2025-03-28,33.15700149536133,33.55563029172909,32.85581566912929,33.351887435632776,22057700.0,-0.006371202662386,-0.006391585395205416,32.816585540771484,31.6395136151995,0.012709654482613337
2025-03-31,32.91782760620117,33.34303057302765,32.84696213466982,33.086136057899324,26049400.0,-0.0072133751055147854,-0.007239517287157614,32.933010646275115,31.691398675101148,0.01204369721026437
2025-04-01,33.041839599609375,33.63535430544728,32.953256929108086,33.041839599609375,19075600.0,0.0037673200945023133,0.003760241516763709,32.99628502982004,31.782344836280465,0.010749562084813803
2025-04-02,32.9532585144043,33.04184118916707,32.62549856272712,33.015267062580726,16959200.0,-0.002680876315558578,-0.0026844762999830313,33.05323246547154,31.88012477329799,0.010568744527882245
2025-04-03,31.890249252319336,32.15600065357952,31.544772092759864,32.02312664255563,65896000.0,-0.03225809252278666,-0.032789851763204175,32.921621322631836,31.938337144397554,0.012993571348144821
2025-04-04,30.60577964782715,31.013265347637837,29.950259761907756,30.77409145629721,77393862.5,-0.040277816404924116,-0.041111428490688585,32.56222316196987,31.950570242745535,0.01585387912472786
2025-04-07,29.392179489135742,30.605779674051956,29.330170942555434,30.047699375616826,77393862.5,-0.03965264641698374,-0.04046023331475616,31.99401937212263,31.88940511431013,0.0179788958396813
2025-04-08,28.346887588500977,30.06541643203741,28.240586016617385,29.852816667482557,62128500.0,-0.03556360633348532,-0.03621139627960458,31.30686024257115,31.778885977608816,0.019452777819531742
2025-04-09,29.498477935791016,29.746515489248615,27.49648057392691,27.73565614343412,77393862.5,0.040624930821582916,0.03982142770891123,30.818381718226842,31.745139621552966,0.021439427285709762
2025-04-10,27.664791107177734,29.250445994644146,27.638216980540427,29.23272878381513,71250600.0,-0.06216208282354929,-0.06417814109404632,30.05023193359375,31.62407484508696,0.025466228406598
2025-04-11,28.214012145996094,28.612639242550554,27.26616335402099,27.903967722271837,65329400.0,0.019852708689922505,0.01965821362385327,29.373196738106863,31.514821279616584,0.02582208669821423
2025-04-14,28.107711791992188,29.126429469776223,27.85081898835377,28.878391892513694,56015200.0,-0.003767644015102989,-0.003774759463756296,28.832834243774414,31.355792091006325,0.024618858797806436
2025-04-15,27.461048126220703,28.23172989770589,27.44333091547249,28.107711112074604,58276900.0,-0.023006627880527653,-0.023275410872833562,28.383586883544922,31.138128553118026,0.024285340400392735
2025-04-16,27.461048126220703,27.87739244116646,27.328172424821524,27.71794261325117,73227700.0,0.0,0.0,28.107710974557058,30.919199625651043,0.024272077865353434
2025-04-17,28.003997802734375,28.303554270290135,27.649975263702913,27.84060305108757,65752700.0,0.01977162976511604,0.01957870984139636,28.058726719447545,30.727390834263392,0.02494628600067694
2025-04-18,28.016706466674805,28.316262937007682,27.626374247195148,27.864204582035242,65752700.0,0.0004538160597622465,0.0004537131163979212,27.84704508100237,30.532812481834775,0.024918908404482985
2025-04-21,28.054832458496094,28.35438893716032,27.555571197671856,27.935009174878257,65752700.0,0.0013608306125003633,0.001359905521688563,27.90276527404785,30.31642741248721,0.02449005725095699
2025-04-22,28.067541122436523,28.367097603877866,27.53197018116409,27.95861070582593,41683900.0,0.00045299375639573647,0.0004528911856988242,27.88184084211077,30.10275668189639,0.024514660678260965
2025-04-23,27.749828338623047,28.848203220788626,27.686286319175235,28.45787169402045,71566500.0,-0.011319580237810878,-0.011384134298425913,27.830714634486608,29.86172340029762,0.024287581118802578
2025-04-24,27.622745513916016,27.99492169966133,27.286878313141088,27.96768866239085,61589200.0,-0.00457958958002469,-0.004590108026115056,27.853814261300222,29.59987476893834,0.023976767205375966
2025-04-25,27.704442977905273,27.89506904520289,27.413964171704944,27.541048216570022,35581500.0,0.002957615634119337,0.002953250493819879,27.88858495439802,29.330105100359237,0.02384518890434692
2025-04-28,27.59551239013672,27.940457268920444,27.45935066699167,27.740751792343474,27362000.0,-0.003931881534504411,-0.003939631702537212,27.830229895455496,29.06527228582473,0.023863873988415062
2025-04-29,27.740751266479492,27.967688044549426,27.368575088956018,27.504736809519937,33041100.0,0.005263133885301086,0.0052493320024115395,27.790807723999023,28.81874484107608,0.024058038811247483
2025-04-30,27.22333526611328,27.75890619254011,27.19610222986795,27.60458911659695,52798300.0,-0.018651838062923365,-0.01882797724606953,27.67202241080148,28.541673206147692,0.024003890738890366
2025-05-01,27.595511436462402,27.863296899675817,27.200641067893855,27.509276085464915,52798300.0,0.013671218706709842,0.01357861068462105,27.60458959851946,28.286542392912366,0.024482982249965205
2025-05-02,27.967687606811523,27.967687606811523,27.20517990591976,27.41396305433288,33146600.0,0.013486837205610058,0.013396699361948915,27.635712351117814,28.09975374312628,0.024260606288904776
2025-05-05,26.923778533935547,27.795216640109714,26.923778533935547,27.749828246804192,59011700.0,-0.03732554108698405,-0.038039973231561205,27.53585992540632,27.92442035675049,0.02404825820936238
2025-05-06,27.368576049804688,27.586435156633538,27.19610360762716,27.33226706436168,52751300.0,0.01652062006484356,0.01638563923698115,27.487878935677664,27.828058288210915,0.023170996778195663
2025-05-07,27.49565887451172,27.504734821355076,27.1416363489676,27.504734821355076,35050400.0,0.0046433846056064265,0.0046326373515563285,27.473614147731237,27.787523587544758,0.021961486201532526
2025-05-08,27.87691307067871,28.167393601847497,27.64090034440129,27.76798438645686,44665000.0,0.013865977822426823,0.013770724660778322,27.49306583404541,27.710306213015603,0.020176798639023448
2025-05-09,28.058462142944336,28.30355427041563,27.81337001547304,28.23093457317119,25075600.0,0.006512524245612328,0.00649140938403908,27.612369673592703,27.72905245281401,0.014505322702272451
2025-05-12,28.730195999145508,29.202223185646606,28.730195999145508,28.957132779125157,53493600.0,0.023940508670040828,0.023658427927706605,27.77446746826172,27.75363263629732,0.014790568869327923
2025-05-13,29.16591453552246,29.274843215116505,28.457871192600585,28.839125033960034,56165300.0,0.015165874134305035,0.015052021934119534,27.945642743791854,27.804023243132093,0.015063444403928474
2025-05-14,28.966209411621094,29.156835468849888,28.775583354392296,29.04790678797348,28060100.0,-0.006847209390884568,-0.006870759090486532,28.237418583461217,27.87569759005592,0.014094423654098728
2025-05-15,28.929901123046875,29.12960486370849,28.675731309249198,28.775584045275107,32468300.0,-0.001253470485497954,-0.0012542567367241084,28.460465022495814,27.945642970857165,0.01410838046981829
2025-05-16,29.066062927246094,29.193146968817707,28.739273413044558,28.902668170145326,48111800.0,0.004706611461272603,0.004695569997248522,28.684808458600724,27.99621750059582,0.013570116667554323
2025-05-19,29.02975082397461,29.1386795025744,28.775582752981666,28.902666788478136,30200500.0,-0.001249295556896568,-0.0012500765771419895,28.849499566214426,28.044457708086288,0.013583482813008651
2025-05-20,29.14776039123535,29.4200838329414,29.002520991473432,29.093294317781968,33485800.0,0.004065125049688145,0.004056884753195003,29.00511360168457,28.096501895359584,0.013592937805014598
2025-05-21,28.820972442626953,29.401930073252327,28.7665080976034,29.238535306791363,28724100.0,-0.011211425654049978,-0.011274747416314497,29.018081665039062,28.132379577273415,0.013889582488867165
2025-05-22,28.439714431762695,28.730193204862402,28.33078402615528,28.72111552677928,42207300.0,-0.013228492259350966,-0.013316768131853248,28.91433879307338,28.16523129599435,0.013983643388706326
2025-05-23,28.503259658813477,28.503259658813477,28.02215478592558,28.221858532087513,25732400.0,0.002234383443028287,0.0022318909204866112,28.848203114100865,28.207160540989467,0.013922260496341574
2025-05-26,28.41248321533203,28.621266361821604,28.267243819489824,28.55772261117424,21277100.0,-0.0031847741124365614,-0.003189856298789164,28.7742862701416,28.240876742771693,0.013954572153855888
2025-05-27,28.621267318725586,28.74835136148882,28.46695023906014,28.61218963975818,34361500.0,0.007348322982233757,0.007321455596774277,28.710744040352957,28.28972221556164,0.013963489923463829
2025-05-28,28.53049087524414,28.793736626957035,28.53049087524414,28.748349965713825,30516200.0,-0.0031716430467791934,-0.003176683366806159,28.639421190534318,28.32732886359805,0.013978597821327205
2025-05-29,28.35801887512207,28.59403332621639,28.1855464432858,28.575877968888328,20778800.0,-0.006045181657625243,-0.006063527742573647,28.526600973946707,28.381361416407994,0.01331993668310478
2025-05-30,28.04938507080078,28.385252259936713,28.04938507080078,28.27632184601987,45127700.0,-0.010883475523462915,-0.010943133797655415,28.41637420654297,28.402974446614582,0.013323889574538303
2025-06-02,28.212779998779297,28.73019557242546,28.149237978351202,28.721117893594275,35111000.0,0.005825258827103719,0.005808357611110521,28.383955001831055,28.414645512898762,0.01306490317311671
2025-06-03,28.22135353088379,28.33356467222919,27.48262275217682,27.94082211039241,59828700.0,0.0003038882416006583,0.00030384207692133207,28.3436826978411,28.47643479846773,0.009656635250521498
2025-06-04,27.44521713256836,28.47382868019904,27.370409117298696,28.27745652538882,41952900.0,-0.027501742517986316,-0.027886995283414803,28.205501828874862,28.480084373837425,0.01113403528767591
2025-06-05,27.454570770263672,27.716397954936248,27.314304168687443,27.58548436259996,23774000.0,0.00034081121129903025,0.00034075314835011806,28.0388308933803,28.47812779744466,0.011086603407089588
2025-06-06,27.744449615478516,27.894065648292628,27.454568774846646,27.538728016250058,28069300.0,0.010558491248707336,0.010503139658603836,27.926539284842356,28.4718200138637,0.010904046877689552
2025-06-09,27.276899337768555,27.557428956188343,26.9870184942596,27.32365367965058,43834800.0,-0.01685202929558627,-0.01699564045395558,27.772093636648997,28.434602737426758,0.011374874138425365
2025-06-10,28.099788665771484,28.25875593160534,27.4452189350633,27.501324504309398,46241800.0,0.030167993722934883,0.029721889643949534,27.779294150216238,28.404583340599423,0.012095428189661486
2025-06-11,29.034889221191406,29.13775091569377,28.33356337736008,28.33356337736008,52432400.0,0.033277850112765295,0.032736127942187165,27.89673832484654,28.398344039916992,0.013772351524834059
2025-06-12,29.68946075439453,29.83907679188905,28.73565717769409,28.80111397115246,51729500.0,0.02254430964817944,0.022293942615148665,28.106467928205216,28.43278458004906,0.014517865323683007
2025-06-13,30.41883659362793,31.017300706271165,30.082199638484237,30.96119692516554,74902600.0,0.02456682676951072,0.024269915236685563,28.531270708356583,28.503686269124348,0.01534902320721177
2025-06-16,30.119606018066406,30.792879961453732,29.988692432880573,30.41883808909907,45972200.0,-0.009837015779367575,-0.009885718877727975,28.911990029471262,28.55385498773484,0.015567752457143223
2025-06-17,30.802228927612305,30.942495519362154,30.269221586367042,30.278574594951756,57633400.0,0.022663739663010496,0.022410732704066058,29.348815645490372,28.638258706955682,0.01618778093224404
2025-06-18,30.77417755126953,31.05470717233766,30.381436795199686,30.82093189359294,49342900.0,-0.000910693067332824,-0.0009111080002010532,29.848426818847656,28.715707143147785,0.016205126855950557
2025-06-19,30.732097625732422,31.031329694005933,30.446893285617495,30.713395176211222,49342900.0,-0.0013673777460666559,-0.00136831346009717,30.224470955984934,28.806713104248047,0.01592321177671291
2025-06-20,30.690017700195312,31.00795221567421,30.512349776035304,30.6058584588295,77393862.5,-0.001369250028083857,-0.001370188307494101,30.46091788155692,28.913870402744838,0.015517197949980788
2025-06-23,29.923234939575195,31.17627054535501,29.745565232723607,31.12951620418744,54592400.0,-0.024984761107362807,-0.02530217847295728,30.494314193725586,28.981488273257302,0.0167548145700111
2025-06-24,29.334121704101562,29.773618570213912,29.11904709990178,29.259313688942786,48728300.0,-0.019687484881338757,-0.019883865174852355,30.33935492379325,29.025375820341566,0.017412200219548625
2025-06-25,29.184505462646484,29.49309054831188,29.184505462646484,29.28736715786828,23127700.0,-0.005100416605763214,-0.005113468128254762,30.20576913016183,29.052196684337797,0.01741648709680835
2025-06-26,29.41827964782715,29.549195014196346,29.278014840026536,29.315419740007393,17227000.0,0.008010215745470672,0.007978304265947138,30.00806209019252,29.094472340175084,0.01745510459992241
2025-06-27,29.184505462646484,29.408931303778385,29.11904866880129,29.352823951713475,16482100.0,-0.007946562068864238,-0.00797830426594708,29.78096607753209,29.13382884434291,0.017501305574542887
2025-06-30,29.343473434448242,29.446335132152168,29.081646252749394,29.18450616688941,23091100.0,0.005446998990790597,0.005432217743121459,29.582591193062918,29.195452099754696,0.017288867076671592
2025-07-01,29.446334838867188,29.52114285911662,29.231262003595567,29.40893172052442,17014100.0,0.00350542701254275,0.0034992973238800276,29.404922212873185,29.25419280642555,0.017271756405913115
2025-07-02,29.969989776611328,30.14766126996637,29.436982430801475,29.530492898247584,28311600.0,0.01778336559064564,0.017627091543898018,29.41160147530692,29.33746119907924,0.017595453376945434
2025-07-03,30.072853088378906,30.287925926590503,29.867131475771803,29.923237045834846,14322300.0,0.0034322104389856722,0.003426333847364103,29.517134530203684,29.462586720784504,0.016124638119235014
2025-07-04,30.03544807434082,30.213119576601997,29.895183257922515,29.92323693463174,9356900.0,-0.0012438132799758028,-0.0012445874577351604,29.63869776044573,29.585485640026274,0.016148060225084422
2025-07-07,29.97934341430664,30.16636078599524,29.829725593115278,30.035447198962135,17938800.0,-0.0018679481622952965,-0.001869694953079177,29.718849727085658,29.691909154256184,0.016135299641327542
2025-07-08,30.409488677978516,30.474945470637042,29.951287562241163,29.988692462939653,28778300.0,0.014348054849880443,0.014246095631263786,29.89384732927595,29.841080075218564,0.015562882381603641
2025-07-09,30.22246742248535,30.5123500491462,29.97934270476772,30.456242698690918,22338900.0,-0.006150095369035213,-0.006169085104717809,30.019417898995535,29.942160016014462,0.014678212896742523
2025-07-10,30.147663116455078,30.325331053564316,29.661408299240343,29.93258670952303,23102800.0,-0.0024751223976708925,-0.0024781905769043363,30.11960765293666,29.995149249122257,0.013093257224476712
2025-07-11,30.51235008239746,30.577806874436142,30.06350197964895,30.11025632151549,23946700.0,0.012096691028212092,0.012024110795470045,30.197087696620397,30.034334455217635,0.012465932592506009
2025-07-14,30.110258102416992,30.64326547890158,30.035448297303724,30.512351887081202,24106300.0,-0.013178007557419713,-0.013265607949234511,30.202431270054408,30.019640241350448,0.01167385766796899
2025-07-15,29.876482009887695,30.2785757837549,29.74556663801873,30.147662195449808,18688300.0,-0.00776400161480284,-0.007794298393381027,30.17972183227539,30.00806290762765,0.011598330296440236
2025-07-16,29.726865768432617,29.876481806495274,29.42763190874344,29.82972567987328,27588900.0,-0.005007826604402799,-0.005020407788554068,30.14365359715053,29.956855138142902,0.010383601548100837
2025-07-17,29.427631378173828,29.70816278215633,29.36217458564706,29.70816278215633,27497600.0,-0.010066126465863467,-0.01011713249431048,30.003388268607004,29.892733891805012,0.010542100260606651
2025-07-18,28.978784561157227,29.54919683608815,28.614095681677536,29.362175891780463,57635000.0,-0.015252563526043983,-0.01537008035973891,29.82571928841727,29.809242793491908,0.010927226546093424
2025-07-21,29.034889221191406,29.249963835474876,28.77306204764191,28.885273183859166,16412000.0,0.0019360598066415768,0.0019341880583425254,29.666751589093888,29.73042715163458,0.01097250219854806
2025-07-22,29.315420150756836,29.530492977968827,28.97878318046758,29.03488874766118,24557100.0,0.00966185637659267,0.009615479129846902,29.495761598859513,29.701483590262278,0.009966134881307338
2025-07-23,29.91388511657715,29.951288234551388,29.268664833555714,29.315420960478352,27418600.0,0.020414681513778676,0.02020909518062011,29.467708315168107,29.72909137180873,0.010003325762738503
2025-07-24,29.867130279541016,29.941938297816854,29.5959500985637,29.857779054311056,17856300.0,-0.0015629810990422932,-0.0015642038282347702,29.466372353690012,29.76159731547038,0.009925759976714613
2025-07-25,29.90453338623047,30.09155432363528,29.83907659320794,29.913884611457096,13341000.0,0.00125231672207482,0.0012515332275426102,29.491753441946848,29.784752255394345,0.009800470880838455
2025-07-28,29.941938400268555,30.32532971818955,29.62400387561741,30.072851986808256,27972800.0,0.0012508141677043394,0.0012500325513665753,29.565225873674667,29.820820490519207,0.009592784037551339
2025-07-29,30.334678649902344,30.48429468445062,29.91388422157175,30.100903372975186,33284000.0,0.013116727594038036,0.013031448237244359,29.75892502920968,29.86802073887416,0.009898096133967978
2025-07-30,30.643264770507812,30.699372123045706,30.175714200741982,30.20376609344705,27110400.0,0.010172717639995943,0.010121323797393713,29.98869296482631,29.925017402285622,0.010066286249962983
2025-07-31,30.521699905395508,30.62456159906409,30.315976518058342,30.344031977231023,23544900.0,-0.003967099002757157,-0.0039749888133587446,30.16101864406041,29.951289313180105,0.009464245038447831
2025-08-01,30.119606018066406,30.77417751112323,29.960640540948656,30.671315817869317,24191800.0,-0.013174033182143385,-0.013261580508314578,30.190407344273158,29.953515643165225,0.009927987290333389
2025-08-04,30.072853088378906,30.175714786464418,29.885832143416874,30.11960743283746,15215600.0,-0.0015522424051448436,-0.0015534483815270261,30.219796316964285,29.955296834309895,0.009930266837408837
2025-08-05,30.213117599487305,30.306626281937792,29.95128686779629,30.04479911737436,20635500.0,0.004664157095310761,0.004653313618652295,30.263879776000977,29.966428938366118,0.009968857001001832
2025-08-06,30.250518798828125,30.802228583959927,30.100902767290393,30.484294071051302,32854600.0,0.001237912612548575,0.0012371470304810852,30.307962690080917,29.958858944120863,0.009454381078787925
2025-08-07,30.41883659362793,30.718068649949547,30.32532791370023,30.52169828182489,21111400.0,0.005564129194581824,0.0055487066101217826,30.319985253470286,29.968209857032413,0.009433312778704888
2025-08-08,28.54863739013672,29.969989714845767,28.54863739013672,29.455684820297837,77393862.5,-0.06148161510828376,-0.06345283349191691,30.02075277056013,29.892065774826776,0.016823249748600912
2025-08-11,28.72630500793457,29.016187631667737,28.59539142532204,28.71695378295313,28045800.0,0.00622333092013827,0.006204045966010916,29.764267785208567,29.807016009376163,0.01661704647094422
2025-08-12,28.80111312866211,29.240611786564408,28.660848320559506,28.791763687210565,37973300.0,0.0026041678770338805,0.0026007829072807686,29.575911658150808,29.74467577253069,0.016481005242269243
2025-08-13,28.586040496826172,28.85722067340906,28.436424462698994,28.80111332293851,38340700.0,-0.007467511094975787,-0.007495532543428151,29.36350985935756,29.68322617667062,0.016475987337507075
2025-08-14,28.22135353088379,28.73565845977208,28.07173748671396,28.73565845977208,43087500.0,-0.012757519390727556,-0.012839595345500741,29.078972135271346,29.611535117739724,0.016632832494555716
2025-08-15,28.21200180053711,28.25875614466739,27.80990802018665,28.146545005329155,55416100.0,-0.0003313707238189467,-0.00033142563922915674,28.78775542122977,29.553647994995117,0.016544867086485806
2025-08-18,28.389671325683594,28.567339259022177,28.071736793779753,28.28680962901944,31498100.0,0.006297657514792165,0.006277910134498908,28.497874668666295,29.52559498378209,0.016343937729599852
2025-08-19,28.090438842773438,28.268106773569702,27.912769128413306,28.24005488110917,39294300.0,-0.0105401883479872,-0.010596129567743239,28.432417733328684,29.480621156238374,0.016460613986690825
2025-08-20,28.25875473022461,28.389670097651678,28.14654359650291,28.165246046644466,23706600.0,0.005991928014840386,0.005974047803249298,28.365624836512975,29.43030375526065,0.016355684386459235
2025-08-21,28.3242130279541,28.45512661053353,28.062384079231446,28.25875445310059,23327000.0,0.00231639003043127,0.0023137113348497087,28.297496250697545,29.354605084373837,0.015603361733313548
2025-08-22,29.138917922973633,29.138917922973633,28.49818678836679,28.584255285853242,49813600.0,0.028763549201366034,0.02835764347051954,28.37647874014718,29.319928305489675,0.017005856293672662
2025-08-25,29.31105613708496,29.43537811597017,29.09110411170493,29.13891913495234,21075300.0,0.005907501938347881,0.005890121066867624,28.532150541033065,29.291667484101794,0.017068963309150108
2025-08-26,29.100666046142578,29.244112932837346,28.909402314532137,29.148481067032126,21789700.0,-0.007177840674126856,-0.007203725310737974,28.659102576119558,29.25160689581008,0.017113998998462693
2025-08-27,29.32061767578125,29.33974441349644,29.033723906157803,29.119792401850056,16349100.0,0.0075583022495056,0.007529881402121798,28.792094911847794,29.203318277994793,0.016923779243458333
2025-08-28,29.578824996948242,29.77008691388139,29.3684345170877,29.435378103241828,25802500.0,0.008806339757987836,0.008767790103611369,29.00472150530134,29.15263066973005,0.016879349562954556
2025-08-29,29.741397857666016,29.98047661564721,29.50231909968482,29.578824229277753,27713400.0,0.005496258243339547,0.00548120893407784,29.216527666364396,29.11547342936198,0.01694118277957796
2025-09-01,29.808340072631836,29.99960381154402,29.693581464479287,29.83703018067652,9889700.0,0.002250809302447365,0.002248280025758023,29.428545815604075,29.100651241484144,0.01672731050006191
2025-09-02,29.961349487304688,30.066544723135706,29.645765603837784,29.645765603837784,19812000.0,0.005133107522929059,0.005119978037381987,29.54603603907994,29.095341546194895,0.01676952729658648
2025-09-03,29.703144073486328,29.980476305407223,29.56926055409067,29.760524288106883,29788800.0,-0.008617950066894253,-0.008655299336147866,29.60204860142299,29.0710570925758,0.01682922940490329
2025-09-04,29.703144073486328,29.951786198096947,29.578823923194093,29.645765682891923,24816500.0,0.0,0.0,29.688116891043528,29.044991629464285,0.016823867106477472
2025-09-05,29.253677368164062,29.73183489059365,28.871151715025636,29.722271521261913,46121900.0,-0.015131957216726777,-0.0152476135018795,29.678553989955358,28.98950785682315,0.0170378848388193
2025-09-08,29.36843490600586,29.617077042935247,29.17717298653988,29.48319351690644,18164200.0,0.0039228414396434985,0.003915167160602511,29.648498262677872,29.0285458337693,0.009563807914161561
2025-09-09,29.597951889038086,29.78921380696114,29.4640665400631,29.511883387563532,31283900.0,0.007815090717867568,0.007784711073534196,29.628005981445312,29.07005282810756,0.009610044324268485
2025-09-10,30.133487701416016,30.16217780981017,29.56926167118118,29.607513325013834,35949600.0,0.018093678048590522,0.017931935553331214,29.674455642700195,29.13349923633394,0.010264042144994514
2025-09-11,30.018728256225586,30.104796754985916,29.903971473895922,29.932659757465252,17607900.0,-0.003808369158178726,-0.0038156394605347635,29.682652609688894,29.201722462972004,0.010121495279215917
2025-09-12,29.817903518676758,30.31518778190658,29.798776779931103,30.076109019664496,19318400.0,-0.006689981528687161,-0.006712459763857289,29.69904681614467,29.277748652866908,0.009743641170291327
2025-09-15,30.076108932495117,30.171738977893824,29.703144824140608,29.93266021634466,21978400.0,0.008659408722569317,0.008622131089782797,29.752327510288783,29.366515659150622,0.009803722470131265
2025-09-16,30.15261459350586,30.296061488152834,29.970914220805707,30.2195563560727,19154700.0,0.002543735334329833,0.0025405055156474043,29.88074711390904,29.45046533857073,0.009776018866108281
2025-09-17,30.334312438964844,30.401256024006013,30.08567030946191,30.16217726379468,29148100.0,0.0060259399693358695,0.006007856602902553,30.018729618617467,29.557316462198894,0.009292012031890153
2025-09-18,30.03785514831543,30.42994416732926,29.827466496950457,30.382129145118277,25702900.0,-0.00977300181917462,-0.00982107104494342,30.081572941371373,29.64203552972703,0.00972450317963694
2025-09-19,29.703144073486328,30.07610817241533,29.559697184987243,30.056981434208478,48871300.0,-0.011142975195013949,-0.011205523224585956,30.02009528023856,29.70769891284761,0.010201562842885769
2025-09-22,29.999603271484375,30.095233315192715,29.49275564930981,29.64576590807455,22016100.0,0.009980734607238917,0.009931256024946601,30.017363139561244,29.74868392944336,0.008494597820961203
2025-09-23,30.50644874572754,30.68814911009126,30.085669626579076,30.114359733802658,39895300.0,0.016895072566674108,0.01675393825957662,30.115726743425643,29.805607386997767,0.009092377385661553
2025-09-24,31.194995880126953,31.20456107352728,30.659461787385528,30.75509183307438,36414400.0,0.022570543695153766,0.022319597943926784,30.275567735944474,29.905337379092263,0.009863560571588
2025-09-25,30.94635581970215,31.367133131367616,30.831599034348375,31.271503084914873,29556300.0,-0.007970511083901233,-0.008002445409156466,30.388959339686803,29.98275348118373,0.01011052061672633
2025-09-26,30.84115982055664,31.309755791965493,30.745529776458024,31.070677033666605,27819700.0,-0.0033993016741097337,-0.0034050924267798773,30.46136610848563,30.042864663260325,0.0100863247052522
2025-09-29,30.420381546020508,31.11849292603793,30.343876414186212,30.850722228578572,35720000.0,-0.01364339982621765,-0.01373732630171339,30.516012736729213,30.075197219848633,0.010611912131503469
2025-09-30,30.085670471191406,30.506449602152642,29.798776687006043,30.305624318028126,48611500.0,-0.011002855908389675,-0.011063835036384641,30.570659364972794,30.08840342930385,0.010931118301786544
2025-10-01,30.009166717529297,30.171740355768144,29.9326615833008,30.076110306002228,24817000.0,-0.002542863511563298,-0.00254610208030635,30.572025571550643,30.090680440266926,0.010894994744683448
2025-10-02,29.722270965576172,30.037854851518514,29.6648925746847,30.009164744059696,25497100.0,-0.009560270521791647,-0.009606263278214894,30.46000017438616,30.091591244652157,0.010935002656333917
2025-10-03,29.645767211914062,29.961351112499194,29.645767211914062,29.798777477408294,19756800.0,-0.0025739538459464972,-0.00257727216049574,30.23868179321289,30.088859013148717,0.010949816660589192
2025-10-06,29.37799644470215,29.865717318588192,29.358871530765814,29.837029035670625,21245400.0,-0.00903234398684416,-0.009073382911152837,30.014630453927175,30.09477896917434,0.010599830029245642
2025-10-07,29.483192443847656,29.51188255153517,29.024161665004527,29.37799720635296,29068800.0,0.0035807751336451865,0.0035743794215570114,29.820635114397323,30.100243613833474,0.010594120285885151
2025-10-08,29.31105613708496,29.72227190350706,29.167609243316516,29.72227190350706,17687400.0,-0.005838455489192262,-0.005855565901867958,29.662160055977957,30.086581911359513,0.010522832342547193
2025-10-09,28.890275955200195,29.492755440850857,28.8711510410094,29.320618444950668,22879700.0,-0.014355681348253602,-0.014459721049313971,29.491389410836355,30.027381352015905,0.01005514324949214
2025-10-10,28.63207244873047,28.842461098238722,28.565130688615394,28.78508270728668,50214400.0,-0.008937384567392792,-0.008977562558767646,29.294661658150808,29.961350123087566,0.010164089253256747
2025-10-13,28.90940284729004,28.947656323927532,28.660760721224808,28.83289771804121,13890500.0,0.009686005058004987,0.0096393964368891,29.17853764125279,29.918088186354865,0.010428217324089812
2025-10-14,28.70857810974121,29.129355416551242,28.574692763005114,28.64163634838626,28138200.0,-0.006946692694057233,-0.0069709332902941805,29.044653483799525,29.85296767098563,0.010226627360604729
2025-10-15,28.45037269592285,28.852025089296927,28.373867564995702,28.737266480893105,40261000.0,-0.00899401610317807,-0.009034706429388318,28.91213580540248,29.771908533005487,0.010269296985629072
2025-10-16,28.16347885131836,28.50775102774845,28.125225373922685,28.440809266332217,28660900.0,-0.010084010064501103,-0.010135198105211685,28.72360529218401,29.668535505022323,0.010183434620956128
2025-10-17,28.431245803833008,28.641636280767518,28.02959341262535,28.2112937816071,36238600.0,0.009507595064098817,0.009462682332446948,28.597918101719447,29.592030298142205,0.010454180874065183
2025-10-20,28.45037269592285,28.593819588407978,28.1921671950339,28.402557673103207,31442800.0,0.0006727419621994635,0.0006725157727646758,28.53507477896554,29.53237451825823,0.010286282162393062
2025-10-21,28.220857620239258,28.67988841095995,28.182604142332757,28.651198302530073,25509900.0,-0.008067208051600883,-0.008099924044419716,28.476329803466797,29.447672344389417,0.009984111183357852
2025-10-22,28.546005249023438,28.718142253737295,28.326053220345173,28.45993674666651,27088800.0,0.011521536062426119,0.011455668612479635,28.424415860857284,29.35431789216541,0.009518424959307482
2025-10-23,28.871150970458984,29.377996763786385,28.79464584180431,29.186734854162776,40060800.0,0.011390235467243492,0.011325855145362653,28.447640555245535,29.24365861075265,0.008266858676174708
2025-10-24,28.536439895629883,29.11979263237862,28.50774978882997,28.976343922405174,24370300.0,-0.011593270915024378,-0.011660996832403086,28.459935869489396,29.128900709606352,0.008399843636216283
2025-10-27,28.689451217651367,28.842461478223413,28.3929940657963,28.842461478223413,24771400.0,0.005361962549677246,0.005347638409340393,28.53507477896554,29.026438395182293,0.008637372790481093
2025-10-28,28.679889678955078,29.02416369922975,28.45993764334684,28.59382117388641,25324800.0,-0.00033327715555631077,-0.0003333327047300419,28.570595332554408,28.94355783008394,0.008328409253765687
2025-10-29,28.70857810974121,28.842461632451112,28.49818763231,28.77551987109616,24854900.0,0.0010002978082299663,0.000999797843758524,28.607481820242747,28.877982003348215,0.0081443215866624
2025-10-30,28.584257125854492,28.842462634934833,28.45993696816373,28.612947234872173,22657200.0,-0.004330447276472249,-0.004339850820800851,28.659396035330637,28.810129165649414,0.00815718665450824
2025-10-31,28.45037269592285,28.77551995836978,28.25910895659188,28.689451458073464,29516300.0,-0.004683852000846422,-0.004694855608587606,28.645734242030553,28.749562581380207,0.008006751136139132
2025-11-03,28.785083770751953,29.138919322725847,28.49818815734007,28.57469328944466,54977300.0,0.01176473427629543,0.011696067826971251,28.633438927786692,28.708577655610583,0.008550052519606697
2025-11-04,28.928529739379883,28.938093108590092,28.603382482337487,28.68945098120319,35035200.0,0.004983343796056028,0.0049709680364421185,28.68945176260812,28.687174479166668,0.008468963322605905
2025-11-05,29.5023193359375,29.597951204701026,28.89027647026664,28.928529947382525,40375900.0,0.01983473068721242,0.0196405854300786,28.80557577950614,28.688085283551896,0.00953609576857149
2025-11-06,29.655330657958984,29.913536165655966,29.550135416150678,29.626640549095015,43435700.0,0.005186416711146391,0.005173013574854706,28.94492449079241,28.704479308355424,0.009499320521727769
2025-11-07,30.774219512939453,30.774219512939453,29.502320531703592,29.856156089236,77393862.5,0.037729771685421465,0.03703541528733386,29.24001611982073,28.794190906343005,0.011797750780656287
2025-11-10,30.94635581970215,31.12805436718333,30.535140053460985,30.888975602999047,41064200.0,0.005593523068564421,0.005577937410553179,29.577458790370397,28.904394876389276,0.011481713200146898
2025-11-11,31.74966049194336,31.97917406177376,31.032424202131622,31.11849270283113,68221300.0,0.02595797311067516,0.02562678402918349,30.048785618373326,29.039645240420388,0.012389287064840878
2025-11-12,30.936790466308594,31.80703701751886,30.67858861261039,31.80703701751886,67646400.0,-0.025602479303393988,-0.025935926470827354,30.35617228916713,29.14575059073312,0.013867420775676554
2025-11-13,31.070676803588867,31.50101564689834,30.908101352162273,30.94635482873939,38517200.0,0.004327738438998141,0.0043184007101383206,30.662193298339844,29.270526976812455,0.013563881312461421
2025-11-14,31.271501541137695,31.72096711493977,31.156744761449104,31.17586785135366,27371300.0,0.0064634812694401855,0.0064426825477057305,30.914933613368444,29.418528057280042,0.013164678209026401
2025-11-17,31.443639755249023,31.63490349418915,31.300191039030828,31.32887932305351,63708200.0,0.005504635390944701,0.00548954025569159,31.170406341552734,29.56197538829985,0.013125598644454062
2025-11-18,31.5488338470459,31.72096719297612,31.242809687036395,31.271501618068314,26520500.0,0.0033454807590878044,0.0033398970882429794,31.28106553213937,29.70952115740095,0.013096578063396801
2025-11-19,31.386259078979492,31.539269338277744,31.118492037220634,31.36713234056067,48719300.0,-0.005153114972635597,-0.005166438059571197,31.343908854893275,29.860254560198104,0.012965723473582614
2025-11-20,31.266719818115234,31.424512674648305,31.032423655814032,31.25237567627791,48719300.0,-0.003808649529192132,-0.0038159209034260505,31.274917330060685,29.98981239682152,0.013017377553357894
2025-11-21,31.147180557250977,31.30975601101887,30.94635527440743,31.137619011995156,40869300.0,-0.003823210799202559,-0.0038305379510697518,31.30497305733817,30.098194758097332,0.013030561611024307
2025-11-24,31.118492126464844,31.319317408359932,30.946355128254098,31.13761886493852,38665600.0,-0.0009210602781013488,-0.0009214847147604756,31.311803817749023,30.22114962623233,0.012604913720318087
2025-11-25,30.869850158691406,31.022860428264064,30.688151603590306,30.936791923626156,28431100.0,-0.007990167607188736,-0.00802226006008302,31.254425048828125,30.324978147234237,0.012874820571492829
2025-11-26,30.822032928466797,30.994169925428015,30.697710953316513,30.96548164195192,25042100.0,-0.0015489945684478146,-0.0015501955008530859,31.16562407357352,30.426984968639555,0.012895601383439068
2025-11-27,30.984609603881836,30.984609603881836,30.793345861032694,30.86984916934087,16087400.0,0.005274690212431876,0.005260827759409898,31.08502061026437,30.53536742074149,0.012888969489885658
2025-11-28,30.401256561279297,30.898540829073532,29.923099032406277,30.860287351231108,60420500.0,-0.018827187111934873,-0.019006675004439984,30.944305964878627,30.621891203380766,0.013713602594964
2025-12-01,30.458635330200195,30.76465403658804,30.190866454074747,30.554267201961157,29489100.0,0.0018873814904736275,0.0018856026239431607,30.82886532374791,30.717522757393972,0.013605305833778756
2025-12-02,30.669023513793945,30.669023513793945,30.066545831876798,30.535139989818184,25574100.0,0.006907341097621256,0.006883594704016705,30.760557174682617,30.807234173729306,0.013495984427447948
2025-12-03,30.898540496826172,31.080239042545266,30.7455302351542,30.7455302351542,36630000.0,0.0074836742985637805,0.007455810537251992,30.729135513305664,30.901044209798176,0.013524817476620671
2025-12-04,31.099365234375,31.319317253657307,31.032423474073966,31.070676950832368,33009700.0,0.006499489436061046,0.006478458830875093,30.761923381260463,30.977094014485676,0.013017230410568386
2025-12-05,29.999603271484375,31.472327468101568,29.999603271484375,31.080238452013642,74495100.0,-0.035362842765518154,-0.03600325121577513,30.644433430262975,30.993487948463077,0.01546680428598411
2025-12-08,30.276933670043945,30.592517556630238,30.114360042164574,30.190865171518034,30271600.0,0.00924446887013275,0.009202000300059732,30.543336868286133,30.969807670229958,0.01321211818119322
2025-12-09,30.468198776245117,30.50645043062976,29.961351131458347,30.229120008255812,23863000.0,0.006317188797437812,0.006297318997234912,30.552900041852677,30.947038287208194,0.01323033575215351
2025-12-10,30.544702529907227,30.59251755173568,30.162176883201127,30.48732231488169,22123700.0,0.002510937854381945,0.002507790717004379,30.56519535609654,30.889659336635045,0.011812397660010333
2025-12-11,30.03785514831543,30.50644929728254,29.88484488840887,30.487322558787675,64927900.0,-0.016593626377455428,-0.01673284281465979,30.475028446742467,30.846852892921085,0.011017824604286932
2025-12-12,30.209993362426758,30.33431351959391,29.97091459369848,30.0378563570982,39659900.0,0.005730709242100618,0.005714351193617217,30.376664570399694,30.80586796715146,0.01105821398162224
2025-12-15,30.315187454223633,30.506449367534188,30.20999221628581,30.29606071568472,31898900.0,0.0034820958262014035,0.0034760473673387956,30.264639173235214,30.760329201107933,0.010972466997208349
2025-12-16,29.397123336791992,30.15261307403512,29.272803187436434,30.15261307403512,52661900.0,-0.03028396637223274,-0.030751999181367652,30.1785706111363,30.662876038324264,0.012557279875845062
2025-12-17,29.722270965576172,29.722270965576172,29.47362883967824,29.51188231629,39337100.0,0.011060525380632846,0.010999805091720468,30.09933308192662,30.575896853492374,0.012864386191453381
2025-12-18,29.550134658813477,29.91353539900521,29.483192897206106,29.837030268021614,34311000.0,-0.005791492411937882,-0.005808328138239864,29.96818106515067,30.48846235729399,0.01287095116838228
2025-12-19,29.655330657958984,29.875282687170674,29.617077179473693,29.712709051660678,45807700.0,0.0035599160667152407,0.0035535945637519295,29.841127940586635,30.411729540143693,0.012944144708373411
2025-12-22,29.741397857666016,30.152613613237857,29.741397857666016,29.8848447476495,35896900.0,0.0029022505498157436,0.0028980471516013785,29.79877689906529,30.344787506830123,0.012993257065960103
2025-12-23,29.901338577270508,30.15783329884578,29.792822954720034,30.138102501424818,35703900.0,0.005377713595370537,0.005363305326227228,29.754683358328684,30.286827814011346,0.013096131070445972
2025-12-24,29.93422253926595,30.11179595274167,29.766515779571893,30.059181120451946,35703900.0,0.0010997488259751886,0.0010991445452325178,29.700259799049014,30.242274117848226,0.013034038136184681
2025-12-25,29.967106501261394,30.065758606637555,29.740208604423753,29.98025973947907,35703900.0,0.0010985407071224529,0.0010979377528193472,29.781685965401785,30.201563335600355,0.013045983359533076
2025-12-26,29.999990463256836,30.019721260533444,29.713901429275612,29.901338358506198,20178600.0,0.001097335239692132,0.0010967336074659353,29.821360179356166,30.154676709856307,0.012972083219846737
2025-12-29,30.315675735473633,30.39459704305784,30.108508008677237,30.147967721653142,20588100.0,0.010522845752349186,0.010467865970495135,29.930723190307617,30.15060143243699,0.012575976324285176
2025-12-30,30.404462814331055,30.542574633887945,30.236754798455223,30.384732016785094,16880600.0,0.002928751436456656,0.0029244709994890733,30.037742069789342,30.148021788824174,0.012586358018566961
2025-12-31,30.368290583292644,30.542574906675732,30.141392053327518,30.437346495273832,16880600.0,-0.0011897013691477554,-0.001190409625619822,30.12729817345029,30.133701173086013,0.012485768402267953
2026-01-01,30.33211835225423,30.542575179463523,30.046029308199817,30.48996097376257,16880600.0,-0.0011911184443919032,-0.0011918283897748756,30.188838141305105,30.10672869001116,0.012353223950686885
2026-01-02,30.29594612121582,30.54257545225131,29.95066656307211,30.54257545225131,21625200.0,-0.0011925388994706854,-0.001193250539812849,30.240512938726518,30.068470637003582,0.01223759679363523
2026-01-05,29.792823791503906,30.355138362368045,29.329159447250525,30.28608245108753,48211400.0,-0.016606919212850846,-0.016746360039678148,30.21561540876116,30.058623995099747,0.010024284098410276
2026-01-06,29.240371704101562,30.0197212618707,29.22064278845647,29.96053075167064,38095000.0,-0.018543126065139526,-0.018717205166409862,30.10709844316755,30.009263901483443,0.010535352728499685
2026-01-07,29.427810668945312,29.427810668945312,29.131856234764108,29.269968053164348,28132900.0,0.006410279826143839,0.006389821365512389,29.980260576520646,29.959721610659646,0.010538864312883126
2026-01-08,29.792823791503906,29.930935614064932,29.38835184117593,29.506732865761823,34125800.0,0.012403679181740346,0.012327383800897394,29.892883573259628,29.92391786121187,0.010942871829858043
2026-01-09,29.8914737701416,30.325541913831344,29.733631150914864,29.763227347632043,27982800.0,0.003311199345455318,0.0033057293963047294,29.824766885666616,29.916947319394065,0.010378614639305355
2026-01-12,29.950666427612305,30.15783416156156,29.80268732435431,29.891474033656124,18947400.0,0.0019802522259650956,0.001978294111140566,29.770273753574916,29.904598417736235,0.010303324209218074
2026-01-13,30.72014808654785,30.89772150141638,29.95066579762745,29.95066579762745,54097100.0,0.025691637306144877,0.025367153140288895,29.830874034336635,29.92388225737072,0.011725470952759177
2026-01-14,31.55868911743164,32.09140749644892,30.77934140625409,30.927318629223755,77393862.5,0.027296125934073157,0.026930230118469303,30.083140509469168,30.026813961210706,0.010719016767111737
2026-01-15,31.361385345458984,31.499497163025783,31.016103919909593,31.075294430062165,26456600.0,-0.006251963484239731,-0.006271588848744571,30.386142458234513,30.10486702691941,0.010767514801430952
2026-01-16,31.608015060424805,31.76585767722126,31.450170561995936,31.519228353272748,70947300.0,0.00786412054981267,0.007833359520847334,30.69760022844587,30.202861331758044,0.010648493276898912
2026-01-19,31.73625946044922,31.775721055291854,31.479766620501707,31.529091732422593,12852900.0,0.004057337981497655,0.004049129182173926,30.97523389543806,30.301953179495676,0.010649851411325848
2026-01-20,31.854644775390625,32.081543304616666,31.50936334129788,31.736259988891483,26300000.0,0.0037302857032959214,0.0037233454416663986,31.255686896187918,30.402583985101607,0.01065009016538943
2026-01-21,32.97927474975586,33.097655776025015,31.992757416561282,32.0618133288237,77393862.5,0.03530505464101319,0.034696122073977605,31.688345227922714,30.549152374267578,0.01267045821281901
2026-01-22,33.127254486083984,33.669838277023715,32.811565471244364,32.92995026303362,71516300.0,0.004487052473135966,0.004477015665775417,32.03221757071359,30.70120151459225,0.012644333397861517
2026-01-23,34.56756591796875,35.00163216041108,33.42320603947106,33.49226194705814,68642600.0,0.04347814071008527,0.04255949926595434,32.46205711364746,30.92027101062593,0.015042623471632023
2026-01-26,34.88325119018555,35.2186672117552,34.56756596556289,34.89311470702668,39869600.0,0.009132412532775414,0.009090964211106337,32.96518080575125,31.152807235717773,0.014992125688733694
2026-01-27,35.64287185668945,35.958557098306144,34.89311658540111,35.0312284082003,47268200.0,0.021776085673964607,0.02154237352437989,33.54158891950335,31.406483241489955,0.015305020043003973
2026-01-28,36.83655548095703,36.93520570390614,36.00788081308423,36.05720592455879,46054700.0,0.0334901078977885,0.032941528635522646,34.27020263671875,31.712773368472146,0.016210751436183887
2026-01-29,37.19170379638672,38.05984009356206,37.063455490797594,37.48765824036822,58722800.0,0.009641192309994384,0.009595012596492786,35.03263963971819,32.03769780719091,0.01603708103014902
2026-01-30,37.250892639160156,37.46792765550503,36.52087192407006,36.728039659709275,45794700.0,0.001591452843824559,0.0015901878247151606,35.64287076677595,32.36716324942453,0.015954304128119535
2026-02-02,36.73790740966797,36.73790740966797,36.12626394911353,36.28410657303548,38505600.0,-0.013771085553877738,-0.013866786572907791,36.158678327287944,32.67392331077939,0.016616277120916692
2026-02-03,37.07332229614258,37.80334299771993,36.63925227148751,37.00426262227619,57152800.0,0.009129939893809613,0.009088513945943507,36.51664352416992,33.02061371576218,0.015520994199838527
2026-02-04,37.014129638671875,37.171972256529685,36.471545874989715,36.94507372856314,37955800.0,-0.0015966375227413065,-0.0015979135068010368,36.82105473109654,33.39079266502743,0.014317528871715795
2026-02-05,36.50114059448242,37.10291675775708,36.40249036845194,36.89574902513414,35933100.0,-0.013859276152031641,-0.013956212607967783,36.94366455078125,33.72761789957682,0.015314832637390698
2026-02-06,36.155860900878906,36.767500579095305,35.958556686312846,36.70830818574602,27681100.0,-0.009459422033943454,-0.009504446528642635,36.846422467912944,34.030619666689915,0.015897211749174432
2026-02-09,36.81682586669922,36.94507417126572,36.05720708313596,36.16572458982569,27089800.0,0.018280990947286302,0.018115902582656346,36.79286847795759,34.360398337954564,0.0159502490379297
2026-02-10,36.84642028808594,37.07332258269025,36.412354023340754,36.816825972817945,24585300.0,0.0008038287030465163,0.0008035058057790708,36.73508671351841,34.68876756940569,0.015981535975168645
2026-02-11,37.56658172607422,37.94145560185666,37.1818368063002,37.22129840267676,55863800.0,0.019544949885434093,0.01935640018837097,36.85346875871931,35.01478821890695,0.01574208263774606
2026-02-12,36.609657287597656,37.53698218677939,36.303835572474775,37.53698218677939,39856000.0,-0.025472757821145553,-0.025802805393081274,36.787230900355745,35.25531051272438,0.016992408680224887
2026-02-13,36.39262390136719,36.65898403352126,36.03747705849509,36.65898403352126,27507000.0,-0.005928309695048539,-0.005945951883093924,36.69844436645508,35.49489330110096,0.016979769182479443
2026-02-16,36.570195007324216,36.79512158362296,36.22688665771994,36.60571044930711,27507000.0,0.004879315831644693,0.004867450550801084,36.708309282575335,35.731187584286644,0.016985568704736432
2026-02-17,36.62938537597656,36.840500766990196,36.290023190794884,36.58795258790239,27507000.0,0.0016185412366680474,0.0016172328104382611,36.77595563616071,35.96419358026414,0.017014557240084365
2026-02-18,36.688575744628906,36.88587995035743,36.35315972386983,36.570194726497675,32276700.0,0.0016159257941348315,0.0016146215908568668,36.75763419015067,36.19438076927548,0.017040000642321005
2026-02-19,37.30022048950195,37.72442322981023,36.93520637873865,36.994398771548475,48355000.0,0.016671258898966368,0.016533818890812162,36.82246279035296,36.40014009021577,0.01597725352302931
2026-02-20,37.458065032958984,37.458065032958984,36.94507555869319,37.162106816958115,51949800.0,0.004231732182426562,0.0042228035838904315,36.806960405622206,36.60636916387649,0.015978452275480965
2026-02-23,38.0697021484375,38.72080340548966,37.33967770228093,37.45806248593753,55061500.0,0.016328582774906897,0.01619670511413559,37.01553824288504,36.773137555803565,0.013843103046248945
2026-02-24,39.03649139404297,39.12527810642749,38.33606497593459,38.33606497593459,43263600.0,0.02539524059935805,0.02507813885031143,37.39323359898158,36.970910898844394,0.014525481652472982
2026-02-25,39.03649139404297,39.43109984092194,38.50377111973587,39.40150176128373,26012300.0,0.0,0.0,37.74556165422712,37.13251182919456,0.014079081157980415
2026-02-26,39.075950622558594,39.2633875536677,38.444580156438626,38.77012890660337,29919100.0,0.0010108292806676467,0.0010103187367698342,38.09507097516741,37.23914969308036,0.012466580526370119
2026-02-27,38.79972839355469,39.727053328938375,38.79972839355469,39.38177000549464,38799000.0,-0.00706885500168597,-0.0070939577254966555,38.39666421072824,37.315722292945495,0.012544145984065039
2026-03-02,40.57545852661133,40.97006319763751,39.9736823577866,40.74316466506284,77393862.5,0.045766560916225885,0.04475016761566166,38.86455535888672,37.474034954252694,0.015627652691886276
2026-03-03,40.397884368896484,41.433726785890784,40.20058015535832,41.137772347215964,77393862.5,-0.00437639312439031,-0.004385997564894988,39.284529549734934,37.64831957135881,0.015215042052842352
2026-03-04,39.95395278930664,40.61491760933041,39.391638199259084,40.39788635072972,50915600.0,-0.010988980896525335,-0.011049805759738832,39.55370821271624,37.785492451985675,0.015543934919589438
2026-03-05,40.141387939453125,40.22031113052261,39.44096155340342,39.98354532057904,53107600.0,0.004691279261776815,0.004680309505967158,39.71155057634626,37.93440951392764,0.015500016904607084
2026-03-06,41.59156799316406,42.53862367010261,40.86154355681681,41.335075158550815,77393862.5,0.03612680398341728,0.03548953401469918,40.07656151907785,38.17681081862676,0.01638806052232903
2026-03-09,42.578086853027344,43.673121666779686,42.09469171638117,42.66687356125767,77393862.5,0.023719203373756548,0.02344227355806766,40.5768666948591,38.482631102062406,0.016384804669201905
2026-03-10,42.35118865966797,42.51889479695241,41.463321570324126,41.73954897771161,56706200.0,-0.005328989866139167,-0.005343239579567028,41.08421816144671,38.74617218744187,0.016444890317974248
2026-03-11,44.19597625732422,44.274899451209244,42.647144328348276,42.66687512681953,73234300.0,0.0435592873787054,0.042637261808752,41.601434980119976,39.09615104311988,0.0181448252081911
2026-03-12,44.393280029296875,45.468584073870446,43.60406691476237,44.778021187428386,77393862.5,0.004464292650169899,0.004454357254438288,42.172205788748606,39.42123191470191,0.0179964093239836
2026-03-13,44.067726135253906,44.72869468541078,43.6928522695233,44.008537505541106,42520400.0,-0.007333404826769363,-0.007360426427889431,42.7598876953125,39.776378050304594,0.01666783607757925
2026-03-16,45.24168395996094,45.36993226261794,44.1959742676516,44.274897457983556,40474100.0,0.026639854779524796,0.026291192501869634,43.4885014125279,40.19776186261858,0.016723421504424556
2026-03-17,45.75467300415039,46.622805510563154,45.18249116908011,45.23181628097053,51025600.0,0.01133885831136272,0.011275055306620192,44.083230699811665,40.63511795770554,0.016676501495560932
2026-03-18,46.36631393432617,46.51429303729488,45.92238038868496,46.07035949165367,55074700.0,0.013367835239917358,0.013279274104531858,44.624405997140066,41.09878122238886,0.01655370671378833
2026-03-19,46.14927673339844,47.481077307214875,46.060490028477346,46.56361594411847,77393862.5,-0.004680924199304437,-0.004691914033449195,45.16699000767299,41.549290793282644,0.016792256275896908
2026-03-20,45.05424499511719,46.61294419466033,44.31435699202734,46.15914712261549,77393862.5,-0.023728036835922284,-0.024014080602096893,45.2895998273577,41.9185300554548,0.018371922402228666
2026-03-23,45.40938949584961,45.55736859413867,43.72244583902531,43.82109606237482,65252400.0,0.007882597983184692,0.007851692611212959,45.43475832257952,42.297164553687686,0.018341845875646988
2026-03-24,46.63267517089844,47.303507263986894,45.74480805849753,45.774406137754234,57455300.0,0.026939046937872524,0.02658257858907032,45.801179613385884,42.704925173804874,0.018677828250230767
2026-03-25,46.85957336425781,46.90889847830404,45.67575181082357,45.87305603027344,40532900.0,0.004865648229011921,0.00485384922040604,46.03230667114258,43.07745288667225,0.018361878983102254
2026-03-26,47.372562408447266,47.816495957447295,46.879303745839444,46.958223174958924,59986800.0,0.010947369072308533,0.010887880396715203,46.26343372889927,43.47440864926293,0.01825741885331729
2026-03-27,48.74382019042969,48.77341450551762,47.48107923647916,47.84608958786832,54170900.0,0.02894624466710094,0.02853521512494754,46.60307747977121,43.93478339059012,0.01862318652964206
2026-03-30,49.00031280517578,50.006560909350085,48.82274315221784,49.0792359960592,51454300.0,0.0052620540151355755,0.0052482577854139015,47.01036834716797,44.420525505429225,0.018229878928871165
2026-03-31,48.0137939453125,49.868447475154795,47.0075496369585,49.39491963496916,77393862.5,-0.020132909432347135,-0.020338338384738794,47.433161054338726,44.774731953938804,0.017752196016446762
2026-04-01,46.7313232421875,47.42188610180967,46.13941437009126,47.05687575612581,66488400.0,-0.026710463759346492,-0.02707367041334249,47.622008732386995,45.07632428123837,0.01917778636543845
2026-04-02,47.50080871582031,48.79314394898763,47.30350450642587,48.635301334125025,38536900.0,0.016466160601635638,0.016332063420611997,47.74602781023298,45.43569837297712,0.018821387165319694
2026-04-03,47.695645332336426,48.67969485536733,47.28624069359165,48.31221769057618,38536900.0,0.0041017536708005675,0.004093364411837538,47.86546666281564,45.795424915495374,0.018827370919736144
2026-04-06,48.280155181884766,48.33934757450644,47.23444925508902,47.34296675992967,27848100.0,0.012254994045589607,0.01218050952684406,47.99512277330671,46.113929067339214,0.017797706579000972
2026-04-07,47.855953216552734,48.8917994062207,47.74743947322271,48.42813506468418,33362800.0,-0.008786259359232496,-0.008825086131361279,47.86828463418143,46.3652560370309,0.017709032574389657
2026-04-08,45.981571197509766,46.011165511777406,43.9296134409516,44.097323336086056,77393862.5,-0.03916716506640694,-0.03995483422328889,47.437035833086284,46.538131395975746,0.020209139196076985
2026-04-09,47.254180908203125,47.89541490518955,46.3959081343409,46.89903407257253,58206500.0,0.027676516429309794,0.027300444778985484,47.328519684927805,46.68376018887474,0.018979585621705694
2026-04-10,48.36894226074219,48.36894226074219,46.889166303216584,46.889166303216584,42860900.0,0.02359074543487738,0.023316784069656298,47.56246525900705,46.873077437991185,0.019482284544373
2026-04-13,49.108829498291016,49.562630311830816,48.5859765387683,49.07923518383193,60941100.0,0.015296742144170095,0.015180926558117126,47.79218251364572,47.11312997908819,0.01944112495447982
2026-04-14,47.23445129394531,48.98058743737523,47.02727979245939,48.94112584059077,58646800.0,-0.03816784524279759,-0.03891531884338055,47.72629765101841,47.20802366165888,0.021038629992465994
2026-04-15,46.25779724121094,47.4514823135111,46.099954618123846,47.303506971203504,61852100.0,-0.02067673119894098,-0.020893487891227608,47.4373893737793,47.23198195866176,0.021499618086272824
2026-04-16,47.92501449584961,48.02366472518642,46.129549463146446,46.65240621577362,54484300.0,0.036041864378992816,0.035407552653076574,47.44725527082171,47.30620579492478,0.022666784822244383
2026-04-17,45.596832275390625,45.92238103795364,44.26503161963746,45.87305592402166,77393862.5,-0.048579687350133405,-0.04979934493872852,47.39229256766183,47.279898915972026,0.025277239430818745
2026-04-20,46.386043548583984,46.83984059998606,45.88291762194118,46.603078557195765,41904500.0,0.01730846714146206,0.017160381933878952,47.2682729448591,47.34331789470854,0.024963047005875483
2026-04-21,46.706661224365234,47.08647061225592,46.247930526753784,46.80038157097397,41904500.0,0.0069119427149555435,0.006888164744011141,47.03080422537668,47.40509273892357,0.02495145394170666
2026-04-22,47.027278900146484,47.333100624525784,46.61294343156639,46.99768458475217,51063000.0,0.0068644957138146445,0.006841042332362807,46.73343985421317,47.42388339269729,0.02431673160862052
2026-04-23,47.77000045776367,48.08000183105469,46.900001525878906,47.36000061035156,38666800.0,0.01579341979777782,0.015670001511868124,46.80994687761579,47.46723706381662,0.02452937711620242
2026-04-24,47.15999984741211,47.52000045776367,46.45000076293945,47.5,34880200.0,-0.012769533274149758,-0.012851764550896606,46.93883296421596,47.45711503710066,0.024593797784463252
2026-04-27,47.369998931884766,48.16999816894531,47.16999816894531,47.220001220703125,31543600.0,0.004452906809841339,0.004443021953678514,46.859545026506694,47.39169497716995,0.023732489726404963
2026-04-28,47.52000045776367,48.040000915527344,47.459999084472656,47.650001525878906,29389700.0,0.00316659339795633,0.003161590300150933,47.13428333827427,47.321203913007466,0.02370778765459053
2026-04-29,48.959999084472656,49.29999923706055,48.0,48.099998474121094,47685000.0,0.030303001111897654,0.029852934817110828,47.501991271972656,47.366261300586515,0.024233662969805232
2026-04-30,49.08000183105469,49.380001068115234,48.290000915527344,48.810001373291016,36666100.0,0.0024510365364791564,0.0024480376456885895,47.84103993007115,47.478103138151624,0.023368833101195884
2026-05-01,49.14500141143799,49.4975004196167,48.447500228881836,48.92750072479248,36666100.0,0.0013243597791019468,0.0013234835881990395,48.14357171739851,47.55639802841913,0.023147817263381817
2026-05-04,49.34000015258789,49.849998474121094,48.91999816894531,49.279998779296875,41319600.0,0.003967824510114237,0.003959973455328711,48.36785738808768,47.6347006389073,0.023147123023078087
2026-05-05,48.65999984741211,49.029998779296875,48.33000183105469,48.880001068115234,28066500.0,-0.013781927504516123,-0.01387777997421112,48.582143102373394,47.65278848012289,0.023250588969885945
2026-05-06,47.27000045776367,47.4900016784668,46.59000015258789,46.709999084472656,62009100.0,-0.02856554447199333,-0.02898147973041348,48.56785760607038,47.62488596779959,0.024051547676564755
2026-05-07,46.220001220703125,46.650001525878906,45.20000076293945,46.400001525878906,71214500.0,-0.022212803615238697,-0.022463223232219276,48.382143429347444,47.63623977842785,0.022895086938145803
2026-05-08,45.66999816894531,46.54999923706055,45.66999816894531,46.38999938964844,32914200.0,-0.011899676270701876,-0.011971044153201424,47.91214329855783,47.56080250512986,0.022167087151670147
2026-05-11,46.43000030517578,46.5099983215332,45.650001525878906,46.209999084472656,50622200.0,0.01664116852860431,0.01650422150089966,47.533571652003694,47.46847193581717,0.021831144726311733
2026-05-12,45.68000030517578,46.25,45.400001525878906,46.25,77393862.5,-0.016153349021546193,-0.0162852365761594,47.03857149396624,47.30519435519264,0.02167599244232351
2026-05-13,44.56999969482422,45.83000183105469,44.36000061035156,45.77000045776367,57251900.0,-0.024299487805077624,-0.024599591917133044,46.357142857142854,47.17831570761545,0.020708250195555094
2026-05-14,45.0,45.369998931884766,44.380001068115234,44.459999084472656,47760000.0,0.009647752033207224,0.009601509658967415,45.834285736083984,47.11842060089111,0.020440928056548912
2026-05-15,45.470001220703125,45.540000915527344,44.97999954223633,45.38999938964844,59380500.0,0.010444471571180447,0.010390304912939961,45.577142987932476,47.001515206836515,0.018861878429256147
2026-05-18,46.439998626708984,46.459999084472656,44.470001220703125,45.099998474121094,57388200.0,0.021332689244886183,0.02110833257513376,45.60857118879046,47.04166598547073,0.016119372484101575
2026-05-19,46.09000015258789,46.29999923706055,45.59000015258789,45.9900016784668,40943000.0,-0.007536573739685637,-0.007565117215326041,45.66857147216797,47.027568680899485,0.015769385925377005
